id,Evakuasi,kor_lat,kor_lon,alamat
1,Brawijaya Driving Range,-7.302,112.725,"Jl. Hayam Wuruk No.54A, Sawunggaling, Kec. Wonokromo, Surabaya, Jawa Timur 60242"
2,Kodam V Brawijaya,-7.301,112.723,"Jl. Raden Wijaya No.1, Sawunggaling, Kec. Wonokromo, Surabaya, Jawa Timur 60242"
3,Gedung Olahraga Kodam V Brawijaya,-7.301,112.726,"Jl. Hayam Wuruk No.17-42, Sawunggaling, Kec. Wonokromo, Surabaya, Jawa Timur 60242"
4,Lapangan Tenis Brengah,-7.305,112.722,"Jl. Hayam Wuruk No.18, Sawunggaling, Kec. Wonokromo, Surabaya, Jawa Timur 60242"
5,KPU Kota Surabaya,-7.294,112.73,"Jl. Adityawarman No.87, Sawunggaling, Kec. Wonokromo, Surabaya, Jawa Timur 60242"
6,Kantor Partai Golkar,-7.294,112.729,"PP4H+WF3, Sawunggaling, Kec. Wonokromo, Surabaya, Jawa Timur 60242"
7,Perwakilan Ombudsman RI Provinsi JaTim,-7.294,112.73,"Jl. Indragiri No.62, Sawunggaling, Kec. Wonokromo, Surabaya, Jawa Timur 60241"
8,Toro's Office,-7.294,112.731,"Jl. Adityawarman No.79, Sawunggaling, Kec. Wonokromo, Surabaya, Jawa Timur 60242"
9,Fit Hub adityawarman,-7.296,112.734,"Jl. Adityawarman No.39, Sawunggaling, Kec. Wonokromo, Surabaya, Jawa Timur 60242"
10,Masjid Al-Amin LDII,-7.298,112.732,"Gg. Kedurus II No.85, Sawunggaling, Kec. Wonokromo, Surabaya, Jawa Timur 60242"
11,TownSquare Surabaya,-7.295,112.729,"Jl. Hayam Wuruk No.6, RT.005/RW.11, Sawunggaling, Kec. Wonokromo, Surabaya, Jawa Timur 60242"
12,ARTOTEL TS Suites Surabaya,-7.296,112.729,"Jl. Hayam Wuruk No.6, Sawunggaling, Wonokromo, Surabaya, East Java 60242"
13,SMP St. Yosef Surabaya,-7.299,112.737,"Jl. Joyoboyo No.19, Sawunggaling, Kec. Wonokromo, Surabaya, Jawa Timur 60242"
14,Tunnel Joyoboyo-KBS,-7.298,112.737,"PP2P+GPG, Jl. Joyoboyo, Sawunggaling, Kec. Wonokromo, Surabaya, Jawa Timur 60242"
15,Kebun Binatang Surabaya,-7.295,112.736,"Jl. Setail No.1, Darmo, Kec. Wonokromo, Surabaya, Jawa Timur 60241"
16,Rumah Sakit Tk. III Brawijaya,-7.297,112.723,"Jl. Kesatriyan No.17, Sawunggaling, Kec. Wonokromo, Surabaya, Jawa Timur 60242"
17,Datasemen Polisi Militer V/4 Surabaya,-7.297,112.73,"Jl. Hayam Wuruk No.5, Sawunggaling, Kec. Wonokromo, Surabaya, Jawa Timur 60242"
18,Stadion Brawijaya,-7.295,112.727,"Jl. Brawijaya No.42a, Sawunggaling, Kec. Wonokromo, Surabaya, Jawa Timur 60242"
19,Taman Bungkul,-7.29,112.74,"Jl. Taman Bungkul, Darmo, Kec. Wonokromo, Surabaya, Jawa Timur 60241"
20,Grand Darmo Suite,-7.292,112.741,"Jl. Progo No.1-3, Darmo, Kec. Wonokromo, Surabaya, Jawa Timur 60241"
21,RS TNI AU Soemitro,-7.291,112.741,"Jl. Serayu No.17, Darmo, Kec. Wonokromo, Surabaya, Jawa Timur 60241"
22,RS William Booth Surabaya,-7.291,112.737,"Jl. Diponegoro No.34, Darmo, Kec. Wonokromo, Surabaya, Jawa Timur 60241"
23,SPBU Pertamina Diponegoro,-7.284,112.733,"Jl. Diponegoro No.221, Darmo, Kec. Wonokromo, Surabaya, Jawa Timur 60241"
24,Great Diponegoro Hotel Surabaya,-7.285,112.733,"Jl. Diponegoro No.215, Darmo, Kec. Wonokromo, Surabaya, Jawa Timur 60241"
25,Masjid Rahmat Kembang Kuning,-7.285,112.73,"Jl. Kembang Kuning No.79-81, Darmo, Kec. Wonokromo, Surabaya, Jawa Timur 60256"
26,Lapangan THOR,-7.287,112.731,"Jl. Patmosusastro, Darmo, Kec. Wonokromo, Surabaya, Jawa Timur 60256"
27,GOR Pancasila,-7.287,112.732,"Jl. Patmosusastro No.12, Darmo, Kec. Wonokromo, Surabaya, Jawa Timur 60256"
28,Lapangan Bola Bogowonto,-7.289,112.732,"Jl. Bogowonto No.30, Darmo, Kec. Wonokromo, Surabaya, Jawa Timur 60241"
29,Rumah Sakit Katolik Surabaya,-7.292,112.735,"PP5P+953, Darmo, Kec. Wonokromo, Surabaya, Jawa Timur 60241"
30,Rumah Sakit katolik St. Vincentius a paulo,-7.291,112.735,"Jl. Diponegoro No.51, Darmo, Kec. Wonokromo, Surabaya, Jawa Timur 60241"
31,Hotel Oval,-7.294,112.738,"Jl. Diponegoro No.23, Darmo, Kec. Wonokromo, Surabaya, Jawa Timur 60241"
32,Giant Diponegoro,-7.282,112.732,"Darmo, Kec. Wonokromo, Surabaya, Jawa Timur 60241"
33,Yayasan Masjid Nurudl Adha,-7.296,112.74,"Jl. Darmorejo IV No.14-B, RT.008/RW.04, Darmo, Kec. Wonokromo, Surabaya, Jawa Timur 60241"
34,EOS (Entrepreneur Office Solutions) Darmokali,-7.293,112.741,"Jl. Darmokali No.34, Darmo, Kec. Wonokromo, Surabaya, Jawa Timur 60241"
35,PT Pertamina Gas,-7.293,112.739,"Jl. Darmokali No.40-42, Darmo, Kec. Wonokromo, Surabaya, Jawa Timur 60241"
36,Grand Darmo Suite,-7.292,112.739,"Jl. Progo No.1-3, Darmo, Kec. Wonokromo, Surabaya, Jawa Timur 60241"
37,Taman Bungkul,-7.291,112.74,"Darmo, Kec. Wonokromo, Surabaya, Jawa Timur 60241"
38,Wisma Sehati Surabaya,-7.292,112.736,"Jl. Diponegoro No.19-21, Darmo, Kec. Wonokromo, Surabaya, Jawa Timur 60241"
39,STIKES Katolik St. Vincentius A Paulo,-7.293,112.735,"Jl. Jambi No.12 - 18, Darmo, Kec. Wonokromo, Surabaya, Jawa Timur 60241"
40,Pasar Keputran Utara,-7.275,112.743,"Jl. Urip Sumoharjo, Keputran, Kec. Tegalsari, Surabaya, Jawa Timur 60265"
41,Halim Design & Furniture,-7.286,112.74,"Jl. Raya Darmo No. 93, Surabaya 60241/60264."
42,Bank Mega,-7.287,112.74,"Jl. Raya Darmo No.95A, Keputran, Kec. Tegalsari, Surabaya, Jawa Timur 60264"
43,yayasan Kaliandra Sejati,-7.289,112.741,"7M34+H77, Gamoh Dayurejo, Area Sawah, Jatiarjo, Kec. Prigen, Pasuruan, Jawa Timur 67157"
44,Sekolah Dasar Santa Maria Surabaya,-7.284,112.741,"Jl. Tumapel No.10, Keputran, Kec. Tegalsari, Surabaya, Jawa Timur 60265"
45,Ikatan Alumni SMAK St. louis 1,-7.282,112.743,"Jl. Polisi Istimewa No.7, Keputran, Kec. Tegalsari, Surabaya, Jawa Timur 60265"
46,BCA KCU Darmo,-7.279,112.742,"Jl. Raya Darmo No.5, Keputran, Kec. Tegalsari, Surabaya, Jawa Timur 60265"
47,RedDoorz Urip Sumoharjo,-7.278,112.742,"Jl. Urip Sumoharjo No.65 - 67, Keputran, Kec. Tegalsari, Surabaya, Jawa Timur 60265"
48,Istana Permata Hotel Dinoyo,-7.279,112.744,"Jl. Dinoyo No.5, RW.9, Keputran, Kec. Tegalsari, Surabaya, Jawa Timur 60265"
49,Pasar Keputran Selatan,-7.278,112.744,"Jl. Dinoyo No.3, Keputran, Kec. Tegalsari, Surabaya, Jawa Timur 60265"
50,Gedung Keuangan Negara (GKN) II Surabaya,-7.285,112.746,"No.111, 60008, Gedung Keuangan Negara II Jl. Dinoyo No.111 Lantai 04, Keputran, Kec. Tegalsari, Surabaya, Jawa Timur 60265"
51,Universitas Katolik Widya mandala Surabaya-Dinoyo,-7.281,112.745,"Jl. Dinoyo No.42-44, Keputran, Kec. Tegalsari, Surabaya, Jawa Timur 60265"
52,SMA Katolik St. Louis 1 Surabaya,-7.28,112.744,"Jl. Polisi Istimewa No.7, Keputran, Kec. Tegalsari, Surabaya, Jawa Timur 60265"
53,Gereja Katedral Surabaya-Hati Kudus yesus,-7.281,112.742,"Jl. Polisi Istimewa No.15, Keputran, Kec. Tegalsari, Surabaya, Jawa Timur 60265"
54,Akademi Sekretari widya Mandala Surabaya,-7.281,112.744,"Jl. Dinoyo No.42, Keputran, Kec. Tegalsari, Surabaya, Jawa Timur 60265"
55,SMP Santa Katarina,-7.281,112.743,"Jl. Mojopahit No.38, Keputran, Kec. Tegalsari, Surabaya, Jawa Timur 60265"
57,SDN Keputran I,-7.284,112.743,"Jl. Dinoyo Sekolahan I No.1, RT.001/RW.04, Keputran, Kec. Tegalsari, Surabaya, Jawa Timur 60265"
58,Gereja Baptis Indonesia Indonesia Pengharapan,-7.275,112.731,"Jl. Pandegiling No.213A, DR. Soetomo, Kec. Tegalsari, Surabaya, Jawa Timur 60264"
59,Sekolah dasar kristen Baptis pengharapan,-7.275,112.731,"Jl. Pandegiling No.213, DR. Soetomo, Kec. Tegalsari, Surabaya, Jawa Timur 60264"
60,KB-TK Khadijah Pandegiling,-7.276,112.733,"Jl. Pandegiling No.217, DR. Soetomo, Kec. Tegalsari, Surabaya, Jawa Timur 60264"
61,Rumah Sakit darmo,-7.288,112.739,"Jl. Raya Darmo No.90, DR. Soetomo, Kec. Tegalsari, Surabaya, Jawa Timur 60264"
62,Mercure Surabaya Grand Mirama,-7.286,112.739,"Jl. Raya Darmo No.68 - 78, DR. Soetomo, Kec. Tegalsari, Surabaya, Jawa Timur 60264"
63,Quest Hotel Darmo Surabaya,-7.286,112.739,"Jl. Ronggolawe No.27 - 29, Wonorejo, Kec. Tegalsari, Surabaya, Jawa Timur 60264"
64,Grand Swiss-Belhotel Darmo Surabaya,-7.287,112.738,"Jl. Bintoro No.21 - 25, DR. Soetomo, Kec. Tegalsari, Surabaya, Jawa Timur 60264"
65,Amaris Hotel Darmo Surabaya,-7.286,112.738,"Jl. Taman Bintoro No. 3-5, DR. Soetomo, Tegalsari, Surabaya, East Java 60264"
66,Edubia-Bimbel Les Privat Surabaya,-7.288,112.737,"Jl. Cimanuk No.3, DR. Soetomo, Kec. Tegalsari, Surabaya, Jawa Timur 60264"
67,Konsulat Republik Federal Jerman,-7.283,112.739,"Jalan Doktor Wahidin No.29, DR. Soetomo, Kec. Tegalsari, Surabaya, Jawa Timur 60264"
68,Graha Wismilak,-7.282,112.74,"PP9R+62R Wismilak, DR. Soetomo, Tegalsari, Surabaya, East Java 60264"
69,Laboratorium Klinik Biotest,-7.277,112.732,"Jl. R.A Kartini No.78, DR. Soetomo, Kec. Tegalsari, Surabaya, Jawa Timur 60264"
70,Musholla SMPN 10 Surabaya,-7.278,112.733,"Jl. Kupang Segunting VI No.42, DR. Soetomo, Kec. Tegalsari, Surabaya, Jawa Timur 60264"
71,Lembaga Ilmu Pengetshuan Islam & Arab cbg Surabaya (LIPIA SBY),-7.281,112.733,"Jl. Diponegoro No.150, RT.002/RW.15, DR. Soetomo, Kec. Tegalsari, Surabaya, Jawa Timur 60264"
72,House of Bikers Surabaya,-7.282,112.733,"Jl. Diponegoro No.142, DR. Soetomo, Kec. Tegalsari, Surabaya, Jawa Timur 60264"
73,Persatuan Karya Dharma Kesehatan Indonesia,-7.283,112.734,"RSK St. Vincentius A Paulo, JL Diponegoro, No 51, DR. Soetomo, Surabaya, Jawa Timur 60241"
74,SDN Dr. Soetomo V,-7.286,112.735,"Jl. Trunojoyo No.84 001, RT.001/RW.19, DR. Soetomo, Kec. Tegalsari, Surabaya, Jawa Timur 60264"
75,REGANTRIS HOTEL SURABAYA,-7.284,112.735,"Jl. Dr. Soetomo No.79-81, DR. Soetomo, Kec. Tegalsari, Surabaya, Jawa Timur 60264"
76,PT JASA RAHARJA KANWIL JAWA TIMUR,-7.285,112.734,"Jl. Diponegoro No.98, RT.002/RW.15, DR. Soetomo, Kec. Tegalsari, Surabaya, Jawa Timur 60264"
77,Yayasan Mardiwijana,-7.284,112.735,"Jl. Trunojoyo No.69, RT.001/RW.19, DR. Soetomo, Kec. Tegalsari, Surabaya, Jawa Timur 60264"
78,Oud Soerabaja Eclectisch huis in de Gemeente,-7.286,112.737,"Jl. Taman Bintoro No.2, RT.004/RW.19, DR. Soetomo, Kec. Tegalsari, Surabaya, Jawa Timur 60264"
79,MOOI House,-7.286,112.737,"Jl. Untung Suropati No.101, DR. Soetomo, Kec. Tegalsari, Surabaya, Jawa Timur 60264"
80,Rumah sakit Yayasan darus Safa,-7.286,112.737,"Jl. Untung Suropati No.99, DR. Soetomo, Kec. Tegalsari, Surabaya, Jawa Timur 60264"
81,Majelis taklim & Salat Jumat  Mercure Grand Mirama,-7.285,112.738,"Jl. Ronggolawe No.10-12, RT.000/RW.00, DR. Soetomo, Kec. Tegalsari, Surabaya, Jawa Timur 60264"
82,TOBY'S ESTETATE-Imam Bonjol,-7.285,112.738,"Jl. Imam Bonjol No.119, DR. Soetomo, Kec. Tegalsari, Surabaya, Jawa Timur 60264"
84,Puncak Nirwana,-7.284,112.739,"Jl. Ronggolawe R No.8, RT.002/RW.20, DR. Soetomo, Kec. Tegalsari, Surabaya, Jawa Timur 60264"
85,komp. darmo Square,-7.283,112.74,"DR. Soetomo, Kec. Tegalsari, Surabaya, Jawa Timur 60264"
86,OMA ESTATE,-7.284,112.739,"Jl. Ronggolawe No.19, DR. Soetomo, Kec. Tegalsari, Surabaya, Jawa Timur 60264"
87,LAN HOA Restaurant Mercure Surabaya,-7.284,112.74,"Jl. Raya Darmo No.68 - 78, DR. Soetomo, Kec. Tegalsari, Surabaya, Jawa Timur 60264"
88,Dit Pamobvit Polda Jatim,-7.283,112.737,"Jl. Dr. Soetomo No.82, DR. Soetomo, Kec. Tegalsari, Surabaya, Jawa Timur 60264"
89,kantor Dewan Pengurus yayasan Yohannes Gabriel,-7.282,112.737,"Jl. M.H. Thamrin No.29-31, DR. Soetomo, Kec. Tegalsari, Surabaya, Jawa Timur 60264"
90,MOTE Training Center,-7.281,112.738,"Jalan Doktor Wahidin No.1, DR. Soetomo, Kec. Tegalsari, Surabaya, Jawa Timur 60264"
91,C2O library & Collabtive,-7.282,112.739,"Jalan Doktor Cipto No.22, DR. Soetomo, Kec. Tegalsari, Surabaya, Jawa Timur 60264"
92,PT Sentratek Metalindo,-7.281,112.739,"Jalan Doktor Cipto No.:05, DR. Soetomo, Kec. Tegalsari, Surabaya, Jawa Timur 60264"
93,PT. ASIA PRIMA KONJAC,-7.28,112.739,"Jl. R.A Kartini No.35, RT.007/RW.11, DR. Soetomo, Kec. Tegalsari, Surabaya, Jawa Timur 60264"
94,Edlink Surabaya,-7.28,112.738,"Jl. R.A Kartini No.39, RW.41, DR. Soetomo, Kec. Tegalsari, Surabaya, Jawa Timur 60264"
95,kristus kasih tabernacle pentecostal church,-7.28,112.739,"Jl. WR. Supratman No.4, DR. Soetomo, Kec. Tegalsari, Surabaya, Jawa Timur 60264"
96,gedung serbaguna keuskupan Surabaya,-7.28,112.739,"Jl. WR. Supratman No.4, DR. Soetomo, Kec. Tegalsari, Surabaya, Jawa Timur 60264"
97,Bukit Welirang Indah. PT,-7.28,112.74,"JL Raya Darmo No. 23-25, Surabaya, 60189, DR. Soetomo, Tegalsari, Surabaya, East Java 60264"
98,PT. Bintang Mas Glassolutions Surabaya,-7.28,112.736,"Jl. WR. Supratman No.58, DR. Soetomo, Kec. Tegalsari, Surabaya, Jawa Timur 60264"
99,Rehabilitas Medik dan Akupuntur Imam Bonjol,-7.279,112.735,"Jl. Imam Bonjol No.47, DR. Soetomo, Kec. Tegalsari, Surabaya, Jawa Timur 60264"
100,petra 1 Christian primary School WR Supratman Sby,-7.279,112.736,"Jl. WR. Supratman No.46, DR. Soetomo, Kec. Tegalsari, Surabaya, Jawa Timur 60264"
101,BSI UMKM Centre Surabaya,-7.279,112.734,"Jl. R.A Kartini No.107-109, DR. Soetomo, Kec. Tegalsari, Surabaya, Jawa Timur 60264"
102,Kharisma sejahtera daihatsu Surabaya,-7.279,112.731,"Jl. Diponegoro No.170, DR. Soetomo, Kec. Tegalsari, Surabaya, Jawa Timur 60264"
103,Metro Hotel,-7.267,112.733,"Jl. Kedungsari No.109, Wonorejo, Kec. Tegalsari, Surabaya, Jawa Timur 60263"
104,Best Hotel surabaya,-7.268,112.735,"Jl. Kedungsari No.29, Wonorejo, Kec. Tegalsari, Surabaya, Jawa Timur 60263"
105,Perusahaan AKI HYBRID,-7.267,112.731,"Jl. Wonorejo I No.95, Wonorejo, Kec. Tegalsari, Surabaya, Jawa Timur 60263"
106,Pasar Kembang,-7.271,112.729,"Jl. Pasar Kembang, Wonorejo, Kec. Tegalsari, Surabaya, Jawa Timur 60263"
107,JW Marriott Hotel Surabaya,-7.26,112.735,"Jl. Embong Malang No.85-89, Kedungdoro, Kec. Tegalsari, Surabaya, Jawa Timur 60261"
108,Masjid Baiturrahman JW Marriott,-7.26,112.735,"Jl. Kedung Turi II No.16, Kedungdoro, Kec. Tegalsari, Surabaya, Jawa Timur 60261"
109,Amaris Hotel Embong Malang Surabaya,-7.259,112.734,"Jl. Kedung Doro No.1-3, Kedungdoro, Kec. Tegalsari, Surabaya, Jawa Timur 60261"
110,Sheraton Surabaya Hotel & Towers,-7.263,112.739,"Jl. Embong Malang No.25-31, Kedungdoro, Kec. Tegalsari, Surabaya, Jawa Timur 60261"
111,Tunjungan Plaza,-7.263,112.74," Jl. Jenderal Basuki Rachmat No.8-12 lantai 5, Kedungdoro, Kec. Tegalsari, Surabaya, Jawa Timur 60261"
112,Four points by Sheraton Surabaya,-7.262,112.739,"Jl. Embong Malang No.25-31, Kedungdoro, Kec. Tegalsari, Surabaya, Jawa Timur 60261"
113,Tunjungan Hotel Surabaya,-7.262,112.74,"Jl. Tunjungan No.102-104, Kedungdoro, Kec. Tegalsari, Surabaya, Jawa Timur 60261"
114,Gedung Ekonomi,-7.261,112.738,"Jl. Embong Malang No.61-65, Kedungdoro, Kec. Tegalsari, Surabaya, Jawa Timur 60261"
115,Laboratorium Medis Kedungdoro,-7.266,112.732,"Jl. Kedungsari No.84-A, Kedungdoro, Kec. Tegalsari, Surabaya, Jawa Timur 60261"
116,Masjid Khoirul Huda,-7.263,112.735,"Jl. Gubeng Jaya II KA No.1-E, RT.016/RW.02, Gubeng, Kec. Gubeng, Surabaya, Jawa Timur 60281"
117,Midtown Hotel Surabaya,-7.267,112.74,"Jl. Basuki Rahmat No.76, Tegalsari, Kec. Tegalsari, Surabaya, Jawa Timur 60262"
118,Favehotel MEX Tunjungan,-7.267,112.74," Jl. Pregolan No.1-3-5, Tegalsari, Kec. Tegalsari, Surabaya, Jawa Timur 60271"
119,Kodim 0832 Surabaya Selatan,-7.267,112.736,"Jl. Tegalsari No.89, RT.002/RW.01, Tegalsari, Kec. Tegalsari, Surabaya, Jawa Timur 60262"
120,Hotel Bisanta Bidakara Tunjungan,-7.267,112.737,"Jl. Tegalsari No.77-85, Tegalsari, Kec. Tegalsari, Surabaya, Jawa Timur 60262"
121,Gereja Kristen Abdiel Elyon,-7.268,112.738,"Jl. Pregolan Bunder No.46-48, Tegalsari, Kec. Tegalsari, Surabaya, Jawa Timur 60262"
122,PT. Trust Finance Indonesia,-7.268,112.739,"Jl. Kombes Pol. Moh. Duryat No.14-15 Blok A-10, Tegalsari, Kec. Tegalsari, Surabaya, Jawa Timur 60262"
123,Royal Regantris Cendana,-7.268,112.74,"Jl. Kombes Pol. Moh. Duryat No.6, Tegalsari, Kec. Tegalsari, Surabaya, Jawa Timur 60262"
124,Gereja Mawar Sharon Surabaya,-7.27,112.738,"Jl. Cempaka No.16-24, Tegalsari, Kec. Tegalsari, Surabaya, Jawa Timur 60262"
125,Masjid Roudlotul falah Sby,-7.243,112.723,"Jl. Prof. DR. Moestopo No.14a, Mojo, Kec. Gubeng, Surabaya, Jawa Timur 60285"
126,Masjid Roudlotul Ulum  Dupak Baru,-7.242,112.722,"Jl. Dupak Baru III No.43, Jepara, Kec. Bubutan, Surabaya, Jawa Timur 60171"
127,Masjid Al-Hilal,-7.238,112.722,"Jl. Raya Purwodadi No.86-88, Jepara, Kec. Bubutan, Surabaya, Jawa Timur 60171"
128,Balai RW VII Kel. Jepara,-7.244,112.729,"Jl. Dupak Jaya No.27, Jepara, Kec. Bubutan, Surabaya, Jawa Timur 60171"
129,Grand Empire Palace Hotel,-7.258,112.734,"Jl. Blauran No.57-75, Genteng, Kec. Genteng, Surabaya, Jawa Timur 60262"
130,SMPN 4 Surabaya,-7.257,112.736,"Jl. Tanjung Anom No.12, Genteng, Kec. Genteng, Surabaya, Jawa Timur 60275"
131,Perum Perhutsni divisi Regional Jawa Timur,-7.257,112.743,"Jl. Genteng Kali No.49, Genteng, Surabaya, Jawa Timur 60275"
132,PT Pupuk Indonesia wilayah 3A Jatim,-7.256,112.742,"Jl. Genteng Kali No.55, Genteng, Kec. Genteng, Surabaya, Jawa Timur 60275"
133,UPT TAMAN BUDAYA JATIM,-7.256,112.74,"Jl. Genteng Kali No.85, Genteng, Kec. Genteng, Surabaya, Jawa Timur 60275"
134,Hotel platinum Tunjungan Sby,-7.257,112.739,"Jl. Tunjungan No.11 - 21, Genteng, Kec. Genteng, Surabaya, Jawa Timur 60275"
135,Hotel Paviljoen,-7.259,112.741,"Jl. Genteng Besar No.94-98, Genteng, Kec. Genteng, Surabaya, Jawa Timur 60275"
136,Hotel 88 Embong Malang Sby,-7.258,112.734,"Jl. Embong Malang No.84, Genteng, Kec. Genteng, Surabaya, Jawa Timur 60261"
137,Exelco- SUB Sentral Tujungan,-7.261,112.741,"Jl. Tunjungan No.73, Genteng, Kec. Genteng, Surabaya, Jawa Timur 60275"
138,Majapahit Hotel Surabaya- M Gallery Collection,-7.259,112.74,"Jl. Tunjungan No.65, Genteng, Kec. Genteng, Surabaya, Jawa Timur 60275"
139,Dinas Pendidikan Provinsi Jawa Timur,-7.258,112.743,"Jl. Genteng Kali No.33, Genteng, Kec. Genteng, Surabaya, Jawa Timur 60275"
140,Gedung Cak Durasim,-7.257,112.738,"Jl. Genteng Kali No.85, Genteng, Kec. Genteng, Surabaya, Jawa Timur 60275"
141,BG Junction Mall,-7.255,112.734,"Jl. Bubutan No.1-7, Bubutan, Kec. Bubutan, Surabaya, Jawa Timur 60174"
142,Dinas Pemadam Kebakaran Kota Surabaya,-7.249,112.734,"Jl. Pasar Turi No.21, Bubutan, Kec. Bubutan, Surabaya, Jawa Timur 60174"
143,Gedung Kencana,-7.251,112.735,"Jl. Bubutan No.127, Alun-alun Contong, Kec. Bubutan, Surabaya, Jawa Timur 60174"
144,crown Prince Hotel surabaya City Center,-7.25,112.733,"Jl. Basuki Rahmat No.123-127, Embong Kaliasin, Kec. Genteng, Surabaya, Jawa Timur 60271"
145,SD-SMP Ktaolik Stella Maris,-7.252,112.734,"Jl. Tembaan No.18-22, Bubutan, Kec. Bubutan, Surabaya, Jawa Timur 60174"
146,PT Gudang Garam,-7.25,112.731,"Jl. Pengenal No.7-15, Bubutan, Kec. Bubutan, Surabaya, Jawa Timur 60174"
147,Museum Dr. Soetomo SBY,-7.252,112.735,"Jl. Bubutan No.85-87, Bubutan, Kec. Bubutan, Surabaya, Jawa Timur 60174"
148,SMK Negeri 7 Surabaya,-7.252,112.73,"Jl. Pawiyatan No.2, Bubutan, Kec. Bubutan, Surabaya, Jawa Timur 60174"
149,Asrama Polisi Koblen 7,-7.253,112.732,"PPXM+64P, Jl. Koblen, Bubutan, Kec. Bubutan, Surabaya, Jawa Timur 60174"
150,Sentral Tunjungan,-7.262,112.741,"Jl. Tunjungan No.99, Embong Kaliasin, Kec. Genteng, Surabaya, Jawa Timur 60275"
151,Swiss- Bellin Tunjungan surabaya,-7.262,112.742,"Jl. Tunjungan No.101, Embong Kaliasin, Kec. Genteng, Surabaya, Jawa Timur 60271"
152,Grand Inna Tunjungan Hotel Surabaya,-7.263,112.742,"Jl. Gubernur Suryo No.1 - 3, Embong Kaliasin, Kec. Genteng, Surabaya, Jawa Timur 60271"
153,Stikes - SMK Kesehatan Nusantara,-7.262,112.743,"Jl. Simpang Dukuh No.11, Embong Kaliasin, Kec. Genteng, Surabaya, Jawa Timur 60271"
154,SMA Trimurti,-7.263,112.743,"Jl. Gubernur Suryo No.3, Embong Kaliasin, Kec. Genteng, Surabaya, Jawa Timur 60271"
155,Gedung Negara Grahadi,-7.263,112.744,"PPPV+R96, Jl. Gubernur Suryo, Embong Kaliasin, Kec. Genteng, Surabaya, Jawa Timur 60271"
156,SMA Negeri 6 Surabaya,-7.264,112.744,"PPPV+PQW, Jl. Gubernur Suryo No.11, Embong Kaliasin, Kec. Genteng, Surabaya, Jawa Timur 60271"
157,Masjid As-Sakinah Alun-Alun Surabaya,-7.263,112.745,"Jl. Gubernur Suryo No.11, Embong Kaliasin, Kec. Genteng, Surabaya, Jawa Timur 60271"
158,DPRD Kota Surabaya,-7.263,112.745,"Jl. Yos Sudarso No.18 - 22, Embong Kaliasin, Kec. Genteng, Surabaya, Jawa Timur 60272"
159,Rumah Bahasa Surabaya,-7.263,112.745,"Jl. Yos Sudarso No.15, Embong Kaliasin, Kec. Genteng, Surabaya, Jawa Timur 60271"
160,Balai Pemuda Surabaya,-7.264,112.745,"Jl. Gubernur Suryo No.15, Embong Kaliasin, Kec. Genteng, Surabaya, Jawa Timur 60271"
161,Grand Surabaya Hotel,-7.264,112.747,"Jl. Pemuda No.21, Embong Kaliasin, Kec. Genteng, Surabaya, Jawa Timur 60271"
162,Garden Palace Hotel Surabaya,-7.263,112.747,"Jl. Yos Sudarso No.11, Embong Kaliasin, Kec. Genteng, Surabaya, Jawa Timur 60271"
163,GTI Bukit Zaitun,-7.262,112.747,"Jl. Taman Simpang No.12, Embong Kaliasin, Kec. Genteng, Surabaya, Jawa Timur 60271"
164,WTC Surabaya,-7.263,112.748,"Jl. Pemuda No.27-31, Embong Kaliasin, Kec. Genteng, Surabaya, Jawa Timur 60263"
165,Delta XXI,-7.265,112.748,"Jl. Pemuda No.31-37 Lt. 5, Embong Kaliasin, Kec. Genteng, Surabaya, Jawa Timur 60271"
166,Taman Apsari,-7.263,112.742,"Jl. Taman Apsari No.63, Embong Kaliasin, Kec. Genteng, Surabaya, Jawa Timur 60271"
167,kampi Hotel tunjungan sby,-7.264,112.743,"Jl. Taman Apsari No.3 5, RW.5, Embong Kaliasin, Kec. Genteng, Surabaya, Jawa Timur 60271"
168,Kantor OJK,-7.264,112.743,"Jl. Gubernur Suryo No.28-30, Embong Kaliasin, Kec. Genteng, Surabaya, Jawa Timur 60174"
169,SMP Kristen Petra 2,-7.265,112.744,"Jl. Embong Wungu No.2, Embong Kaliasin, Kec. Genteng, Surabaya, Jawa Timur 60271"
170,PLN PT. Persero- Area Pengatur Distribusi Jatim,-7.266,112.744,"Jl. Embong Wungu No.4, RW.2, Embong Kaliasin, Kec. Genteng, Surabaya, Jawa Timur 60271"
171,Graha Bukopin,-7.266,112.745,"Jl. Panglima Sudirman No.10-18, Embong Kaliasin, Kec. Genteng, Surabaya, Jawa Timur 60271"
172,graha sudirman,-7.265,112.746,"Jl. Panglima Sudirman No.7-9, Embong Kaliasin, Kec. Genteng, Surabaya, Jawa Timur 60271"
173,Sinarmas land plaza,-7.265,112.747,"Jl. Pemuda No.60-70, Embong Kaliasin, Kec. Genteng, Surabaya, Jawa Timur 60271"
174,Hoel 88 Embong Kenongo sby,-7.265,112.746,"Jl. Embong Kenongo No.11-17, Embong Kaliasin, Kec. Genteng, Surabaya, Jawa Timur 60271"
175,Triliun Office & residence,-7.265,112.747,"Jl. Pemuda, Embong Kaliasin, Kec. Genteng, Surabaya, Jawa Timur 60271"
176,Mozaren Surabaya,-7.266,112.747,"Jl. Kayoon No.4-10, Embong Kaliasin, Kec. Genteng, Surabaya, Jawa Timur 60271"
177,Gereja Kristen Abdiel Trinitas,-7.268,112.749,"Jl. Kayoon No.22, Embong Kaliasin, Kec. Genteng, Surabaya, Jawa Timur 60271"
178,Hotel Aria Centra,-7.267,112.744,"Jl. Taman AIS Nasution No.37, Embong Kaliasin, Kec. Genteng, Surabaya, Jawa Timur 60271"
179,Wyndham Surabaya,-7.266,112.741,"Jl. Basuki Rahmat No.67 - 73, Embong Kaliasin, Kec. Genteng, Surabaya, Jawa Timur 60271"
180,Dyandra Convetion Center Surabaya,-7.269,112.742,"Jl. Basuki Rahmat No.93-105, Embong Kaliasin, Kec. Genteng, Surabaya, Jawa Timur 60271"
181,Graha Pacific,-7.268,112.742,"Jl. Jenderal Basuki Rachmat No.87-91, Embong Kaliasin, Kec. Genteng, Surabaya, Jawa Timur 60271"
182,Crown Prince Hotel surabaya City Center,-7.27,112.742,"Jl. Basuki Rahmat No.123-127, Embong Kaliasin, Kec. Genteng, Surabaya, Jawa Timur 60271"
183,JAPFA Tower I,-7.271,112.742,"Jl. Basuki Rahmat No.129-137, Embong Kaliasin, Kec. Genteng, Surabaya, Jawa Timur 60271"
184,Goldvitel Hotel,-7.272,112.742,"Jl. Basuki Rahmat No.147, Embong Kaliasin, Kec. Genteng, Surabaya, Jawa Timur 60271"
185,Gedung Bumi Mandiri,-7.27,112.743,"Jl. Jenderal Basuki Rachmat Jl. Basuki Rahmat No.129-137 Lantai 11, Embong Kaliasin, Genteng, Surabaya, East Java 60271"
186,Elmi Hotel,-7.269,112.743,"Jl. Panglima Sudirman No.42-44, Embong Kaliasin, Kec. Genteng, Surabaya, Jawa Timur 60271"
187,Intiland Tower Surabaya,-7.273,112.743,"Embong Kaliasin, Kec. Genteng, Surabaya, Jawa Timur"
188,Praxis Apartment,-7.273,112.744,"Jl. Kayoon No.89, Embong Kaliasin, Kec. Genteng, Surabaya, Jawa Timur 60271"
189,Praxis,-7.273,112.744,"Jl. Sono Kembang No.4-6, Embong Kaliasin, Kec. Genteng, Surabaya, Jawa Timur 60271"
190,Gerai IM3 Kayoon Surabaya,-7.272,112.744,"Jl. Kayoon No.72, Embong Kaliasin, Kec. Genteng, Surabaya, Jawa Timur 60271"
191,Blue Dolphin Playskool-Surabaya,-7.272,112.743,"Jl. Embong Cerme No.41, RT.003/RW.04, Embong Kaliasin, Kec. Genteng, Surabaya, Jawa Timur 60271"
192,Hotel sulawesi Gorontalo,-7.27,112.744,"Jl. Embong Cerme No.5, Embong Kaliasin, Kec. Genteng, Surabaya, Jawa Timur 60271"
193,Kanwil Kementerian Hukum Jatim,-7.27,112.747,"Jl. Kayoon No.50-52, Embong Kaliasin, Kec. Genteng, Surabaya, Jawa Timur 60271"
194,dinas kepemudaan dan olahraga prov. Jatim,-7.27,112.746,"Jl. Kayoon No.56, Embong Kaliasin, Kec. Genteng, Surabaya, Jawa Timur 60271"
195,MNC Tower Surabaya,-7.268,112.745,"Jl. Taman AIS Nasution No.21, Embong Kaliasin, Kec. Genteng, Surabaya, Jawa Timur 60271"
196,Wisma jerman,-7.268,112.745,"Jl. Taman AIS Nasution No.15, Embong Kaliasin, Kec. Genteng, Surabaya, Jawa Timur 60271"
197,The Win Hotel,-7.269,112.747,"Jl. Embong Tanjung No.46 - 48, Embong Kaliasin, Kec. Genteng, Surabaya, Jawa Timur 60271"
198,Kantor Pelayanan Pajak Pratama Surabaya genteng,-7.269,112.747,"Jl. Kayoon No.28, Embong Kaliasin, Kec. Genteng, Surabaya, Jawa Timur 60271"
199,Ibis Suarabaya City Center,-7.269,112.741,"Jl. Basuki Rahmat No.94 96, Embong Kaliasin, Kec. Genteng, Surabaya, Jawa Timur 60271"
200,Bank Jatim Kantor Pusat,-7.27,112.741,"Jl. Basuki Rahmat No.98-104, Embong Kaliasin, Kec. Genteng, Surabaya, Jawa Timur 60271"
201,Bumi Surabaya Ciy Resort,-7.271,112.741,"Jl. Basuki Rahmat No.106-128, Embong Kaliasin, Kec. Genteng, Surabaya, Jawa Timur 60271"
202,Masjid Baitusy syakur,-7.271,112.741,"PPHR+Q7V, Jl. Basuki Rahmat, Embong Kaliasin, Kec. Genteng, Surabaya, Jawa Timur 60271"
203,SDN Kaliasin V,-7.273,112.741,"Jl. Keputran Kejambon II No.67, RT.006/RW.12, Embong Kaliasin, Kec. Genteng, Surabaya, Jawa Timur 60271"
204,RSUP Kemenkes Surabaya,-7.242,112.737,"Jl. Indrapura No.17, Krembangan Sel., Kec. Krembangan, Surabaya, Jawa Timur 60164"
205,SMK Kawung 1 Surabaya,-7.241,112.737,"Jl. Rajawali No.85-93, Kemayoran, Kec. Krembangan, Surabaya, Jawa Timur 60176"
206,Prodi DIII Keperawatan Sutopo Poltekkes Kemenkes Surabaya,-7.242,112.736,"Jl. Parang Kusumo No.1, Kemayoran, Kec. Krembangan, Surabaya, Jawa Timur 60176"
207,SDN Kemayoran surabaya,-7.241,112.734,"Jl. Kemayoran Baru No.88, Kemayoran, Kec. Krembangan, Surabaya, Jawa Timur 60176"
208,Kantor Kelurahan Wonorejo Kecamatan Tegalsari,-7.272,112.733,"Jl. Wonorejo IV No.48, Wonorejo, Kec. Tegalsari, Surabaya, Jawa Timur 60263"
209,Vihara Dhammadipta Surabaya,-7.275,112.733,"Jl. Pandegiling No.260, Wonorejo, Kec. Tegalsari, Surabaya, Jawa Timur 60264"
210,Kantor Kelurahan Sawahan,-7.262,112.727,"Jl. Arjuno No.121, Sawahan, Kec. Sawahan, Surabaya, Jawa Timur 60251"
211,Masjid Al Muqorrobien,-7.261,112.728,"Jl. Kedung Anyar V No.8, Sawahan, Kec. Sawahan, Surabaya, Jawa Timur 60251"
212,Pasar Blauran Baru,-7.257,112.733,"Jl. Kranggan blok LB 11, Sawahan, Kec. Sawahan, Surabaya, Jawa Timur 60251"
213,Prime Royal Hotel,-7.256,112.73,"Jl. Kranggan No.81-101, Sawahan, Kec. Sawahan, Surabaya, Jawa Timur 60251"
214,Ibis Surabaya Tidar,-7.257,112.73,"Jl. Tidar No.74, Sawahan, Kec. Sawahan, Surabaya, Jawa Timur 60251"
215,Gereja Yesus Sejati Surabaya,-7.257,112.728,"Jl. Merbabu No.6, Sawahan, Kec. Sawahan, Surabaya, Jawa Timur 60251"
216,"Gereja Katolik Paroki Santo Vincentius A Paulo, Widodaren Sawahan",-7.259,112.732,"Jl. Widodaren No.15, Sawahan, Kec. Sawahan, Surabaya, Jawa Timur 60251"
217,Nite & Day Hotel Kedungdoro,-7.261,112.731,"Jl. Kedung Doro No.36-46 Blok D3–8, Sawahan, Kec. Sawahan, Surabaya, Jawa Timur 60261"
218,SDN Sawahan IV,-7.264,112.725,"Jl. Kedung Anyar VII No.58, Sawahan, Kec. Sawahan, Surabaya, Jawa Timur 60252"
219,Pusat Grosir Surabaya,-7.246,112.732,"Gundih, Kec. Bubutan, Surabaya, Jawa Timur"
220,Stasiun Surabaya Pasar Turi,-7.247,112.731,"Jl. Semarang No.1, Tembok Dukuh, Kec. Bubutan, Surabaya, Jawa Timur 60173"
221,Dupak Grosir Surabaya,-7.247,112.73,"Jl. Gundih No.8-14, Gundih, Kec. Bubutan, Surabaya, Jawa Timur 60172"
222,D'Carol Hotel Surabaya,-7.247,112.73,"Jl. Gundih No.8, Gundih, Kec. Bubutan, Surabaya, Jawa Timur 60172"
223,RSUP Kemenkes Surabaya,-7.24,112.731,"Jl. Indrapura No.17, Krembangan Sel., Kec. Krembangan, Surabaya, Jawa Timur 60164"
224,SMK Kawung 1 Surabaya,-7.238,112.731,"Jl. Rajawali No.85-93, Kemayoran, Kec. Krembangan, Surabaya, Jawa Timur 60176"
225,Prodi DIII keperawatan Sutopo Poltekkes Kemenkes Surabaya,-7.24,112.73,"Jl. Parang Kusumo No.1, Kemayoran, Kec. Krembangan, Surabaya, Jawa Timur 60176"
