id,Evakuasi,kor_lat,kor_lon,Alamat_ID,Alamat_EN
1,Brawijaya Driving Range,-7.302,112.725,"Jalan Hayam Wuruk, RW 12, Sawunggaling, Wonokromo, Surabaya, Jawa Timur, Jawa, 60224, Indonesia","Jalan Hayam Wuruk, RW 12, Sawunggaling, Wonokromo, Surabaya, East Java, Java, 60224, Indonesia"
2,Kodam V Brawijaya,-7.301,112.723,"Sarana Olahraga Kodam V/ Brawijaya, Jalan Gajah Mada II A, RW 12, Sawunggaling, Wonokromo, Surabaya, Jawa Timur, Jawa, 60224, Indonesia","Sarana Olahraga Kodam V/ Brawijaya, Jalan Gajah Mada II A, RW 12, Sawunggaling, Wonokromo, Surabaya, East Java, Java, 60224, Indonesia"
3,Gedung Olahraga Kodam V Brawijaya,-7.301,112.726,"Sarana Olahraga Kodam V/ Brawijaya, Jalan Gajah Mada II A, RW 12, Sawunggaling, Wonokromo, Surabaya, Jawa Timur, Jawa, 60224, Indonesia","Sarana Olahraga Kodam V/ Brawijaya, Jalan Gajah Mada II A, RW 12, Sawunggaling, Wonokromo, Surabaya, East Java, Java, 60224, Indonesia"
4,Lapangan Tenis Brengah,-7.305,112.722,"RW 09, Sawunggaling, Wonokromo, Surabaya, Jawa Timur, Jawa, 60222, Indonesia","RW 09, Sawunggaling, Wonokromo, Surabaya, East Java, Java, 60222, Indonesia"
5,KPU Kota Surabaya,-7.294,112.73,"Surabaya Town Square, 55, Jalan Adityawarman, RW 06, Darmo, Wonokromo, Surabaya, Jawa Timur, Jawa, 60242, Indonesia","Surabaya Town Square, 55, Jalan Adityawarman, RW 11, Sawunggaling, Wonokromo, Surabaya, East Java, Java, 60242, Indonesia"
6,Kantor Partai Golkar,-7.294,112.729,"Jalan Batang Hari, RW 11, Sawunggaling, Wonokromo, Surabaya, Jawa Timur, Jawa, 60242, Indonesia","Jalan Batang Hari, RW 11, Sawunggaling, Wonokromo, Surabaya, East Java, Java, 60242, Indonesia"
7,Perwakilan Ombudsman RI Provinsi JaTim,-7.294,112.73,"Surabaya Town Square, 55, Jalan Adityawarman, RW 11, Sawunggaling, Wonokromo, Surabaya, Jawa Timur, Jawa, 60242, Indonesia","Surabaya Town Square, 55, Jalan Adityawarman, RW 11, Sawunggaling, Wonokromo, Surabaya, East Java, Java, 60242, Indonesia"
8,Toro's Office,-7.294,112.731,"Surabaya Town Square, 55, Jalan Adityawarman, RW 11, Sawunggaling, Wonokromo, Surabaya, Jawa Timur, Jawa, 60242, Indonesia","Surabaya Town Square, 55, Jalan Adityawarman, RW 11, Sawunggaling, Wonokromo, Surabaya, East Java, Java, 60242, Indonesia"
9,Fit Hub adityawarman,-7.296,112.734,"Jalan Bumiarjo, RW 05, Sawunggaling, Wonokromo, Surabaya, Jawa Timur, Jawa, 60421, Indonesia","Jalan Bumiarjo, RW 05, Sawunggaling, Wonokromo, Surabaya, East Java, Java, 60421, Indonesia"
10,Masjid Al-Amin LDII,-7.298,112.732,"Jalan Waringin Gang Kedurus, RW 05, Sawunggaling, Wonokromo, Surabaya, Jawa Timur, Jawa, 60242, Indonesia","Jalan Waringin Gang Kedurus, RW 05, Sawunggaling, Wonokromo, Surabaya, East Java, Java, 60242, Indonesia"
11,TownSquare Surabaya,-7.295,112.729,"RW 11, Sawunggaling, Wonokromo, Surabaya, Jawa Timur, Jawa, 60242, Indonesia","RW 11, Sawunggaling, Wonokromo, Surabaya, East Java, Java, 60242, Indonesia"
12,ARTOTEL TS Suites Surabaya,-7.296,112.729,"Jalan Perwira, RW 11, Sawunggaling, Wonokromo, Surabaya, Jawa Timur, Jawa, 60242, Indonesia","Jalan Perwira, RW 11, Sawunggaling, Wonokromo, Surabaya, East Java, Java, 60242, Indonesia"
13,SMP St. Yosef Surabaya,-7.299,112.737,"Dinas Perhubungan UPTD Terminal Joyoboyo, Jalan Gunung Sari, RW 06, Sawunggaling, Wonokromo, Surabaya, Jawa Timur, Jawa, 60243, Indonesia","Dinas Perhubungan UPTD Terminal Joyoboyo, Jalan Gunung Sari, RW 06, Sawunggaling, Wonokromo, Surabaya, East Java, Java, 60243, Indonesia"
14,Tunnel Joyoboyo-KBS,-7.298,112.737,"Jalan Bumiarjo, RW 05, Darmo, Wonokromo, Surabaya, Jawa Timur, Jawa, 60243, Indonesia","Jalan Bumiarjo, RW 05, Darmo, Wonokromo, Surabaya, East Java, Java, 60243, Indonesia"
15,Kebun Binatang Surabaya,-7.295,112.736,"Kebun Binatang Surabaya, 1, Jalan Setail, RW 05, Darmo, Wonokromo, Surabaya, Jawa Timur, Jawa, 60421, Indonesia","Kebun Binatang Surabaya, 1, Jalan Setail, RW 05, Darmo, Wonokromo, Surabaya, East Java, Java, 60421, Indonesia"
16,Rumah Sakit Tk. III Brawijaya,-7.297,112.723,"RS Kodam Brawijaya, Jalan Karangan, RW 12, Sawunggaling, Wonokromo, Surabaya, Jawa Timur, Jawa, 60224, Indonesia","RS Kodam Brawijaya, Jalan Karangan, RW 12, Sawunggaling, Wonokromo, Surabaya, East Java, Java, 60224, Indonesia"
17,Datasemen Polisi Militer V/4 Surabaya,-7.297,112.73,"RW 11, Sawunggaling, Wonokromo, Surabaya, Jawa Timur, Jawa, 60242, Indonesia","RW 11, Sawunggaling, Wonokromo, Surabaya, East Java, Java, 60242, Indonesia"
18,Stadion Brawijaya,-7.295,112.727,"Jalan Brawijaya I, RW 11, Sawunggaling, Wonokromo, Surabaya, Jawa Timur, Jawa, 60242, Indonesia","Jalan Brawijaya I, RW 11, Sawunggaling, Wonokromo, Surabaya, East Java, Java, 60242, Indonesia"
19,Taman Bungkul,-7.29,112.74,"Jalan Bengawan, RW 03, Darmo, Wonokromo, Surabaya, Jawa Timur, Jawa, 60421, Indonesia","Jalan Bengawan, RW 03, Darmo, Wonokromo, Surabaya, East Java, Java, 60421, Indonesia"
20,Grand Darmo Suite,-7.292,112.741,"Grand Darmo Suite, 1-3, Jalan Progo, RW 03, Darmo, Wonokromo, Surabaya, Jawa Timur, Jawa, 60241, Indonesia","Grand Darmo Suite, 1-3, Jalan Progo, RW 03, Darmo, Wonokromo, Surabaya, East Java, Java, 60241, Indonesia"
21,RS TNI AU Soemitro,-7.291,112.741,"Gereja Bonifacius, Jalan Serayu, RW 03, Darmo, Wonokromo, Surabaya, Jawa Timur, Jawa, 60421, Indonesia","Gereja Bonifacius, Jalan Serayu, RW 03, Darmo, Wonokromo, Surabaya, East Java, Java, 60421, Indonesia"
22,RS William Booth Surabaya,-7.291,112.737,"Rumah Sakit William Booth Surabaya, 34, Jalan Diponegoro, RW 04, Dr. Sutomo, Tegalsari, Surabaya, Jawa Timur, Jawa, 60241, Indonesia","Rumah Sakit William Booth Surabaya, 34, Jalan Diponegoro, RW 04, Dr. Sutomo, Tegalsari, Surabaya, East Java, Java, 60241, Indonesia"
23,SPBU Pertamina Diponegoro,-7.284,112.733,"Jalan Raya Diponegoro, RW 09, Darmo, Wonokromo, Surabaya, Jawa Timur, Jawa, 60264, Indonesia","Jalan Raya Diponegoro, RW 09, Darmo, Wonokromo, Surabaya, East Java, Java, 60264, Indonesia"
24,Great Diponegoro Hotel Surabaya,-7.285,112.733,"Natasha Skin Care, Jalan Dokter Soetomo, RW 01, Darmo, Wonokromo, Surabaya, Jawa Timur, Jawa, 60264, Indonesia","Natasha Skin Care, Jalan Dokter Soetomo, RW 01, Darmo, Wonokromo, Surabaya, East Java, Java, 60264, Indonesia"
25,Masjid Rahmat Kembang Kuning,-7.285,112.73,"Jalan Pakis I, RW 06, Pakis, Sawahan, Surabaya, Jawa Timur, Jawa, 60241, Indonesia","Jalan Pakis I, RW 06, Pakis, Sawahan, Surabaya, East Java, Java, 60241, Indonesia"
26,Lapangan THOR,-7.287,112.731,"Jalan Patmosusastro, RW 08, Darmo, Wonokromo, Surabaya, Jawa Timur, Jawa, 60241, Indonesia","Jalan Patmosusastro, RW 08, Darmo, Wonokromo, Surabaya, East Java, Java, 60241, Indonesia"
27,GOR Pancasila,-7.287,112.732,"Sop Buntut Gelora Pancasila, Jalan Musi, RW 01, Darmo, Wonokromo, Surabaya, Jawa Timur, Jawa, 60241, Indonesia","Sop Buntut Gelora Pancasila, Jalan Musi, RW 01, Darmo, Wonokromo, Surabaya, East Java, Java, 60241, Indonesia"
28,Lapangan Bola Bogowonto,-7.289,112.732,"Lapangan Jalan Bogowonto, Jalan Sambas, RW 01, Darmo, Wonokromo, Surabaya, Jawa Timur, Jawa, 60241, Indonesia","Lapangan Jalan Bogowonto, Jalan Sambas, RW 01, Darmo, Wonokromo, Surabaya, East Java, Java, 60241, Indonesia"
29,Rumah Sakit Katolik Surabaya,-7.292,112.735,"Rumah Sakit Katolik St. Vincentius A Paulo (RKZ), Jalan Cisadane, RW 06, Darmo, Wonokromo, Surabaya, Jawa Timur, Jawa, 60421, Indonesia","Rumah Sakit Katolik St. Vincentius A Paulo (RKZ), Jalan Cisadane, RW 06, Darmo, Wonokromo, Surabaya, East Java, Java, 60421, Indonesia"
30,Rumah Sakit katolik St. Vincentius a paulo,-7.291,112.735,"Jalan Kutai, RW 05, Darmo, Wonokromo, Surabaya, Jawa Timur, Jawa, 60421, Indonesia","Jalan Kutai, RW 05, Darmo, Wonokromo, Surabaya, East Java, Java, 60421, Indonesia"
31,Hotel Oval,-7.294,112.738,"Jalan Raya Diponegoro, RW 02, Darmo, Wonokromo, Surabaya, Jawa Timur, Jawa, 60421, Indonesia","Jalan Raya Diponegoro, RW 02, Darmo, Wonokromo, Surabaya, East Java, Java, 60421, Indonesia"
32,Giant Diponegoro,-7.282,112.732,"Jalan Raya Diponegoro, RW 09, Darmo, Wonokromo, Surabaya, Jawa Timur, Jawa, 60264, Indonesia","Jalan Raya Diponegoro, RW 09, Darmo, Wonokromo, Surabaya, East Java, Java, 60264, Indonesia"
33,Yayasan Masjid Nurudl Adha,-7.296,112.74,"Bank Panin, Jalan Porong, RW 04, Darmo, Wonokromo, Surabaya, Jawa Timur, Jawa, 60421, Indonesia","Bank Panin, Jalan Porong, RW 04, Darmo, Wonokromo, Surabaya, East Java, Java, 60421, Indonesia"
34,EOS (Entrepreneur Office Solutions) Darmokali,-7.293,112.741,"Restoran Bebek Tepi Sawah Surabaya, No. 50, Jalan Juwono, RW 03, Darmo, Wonokromo, Surabaya, Jawa Timur, Jawa, 60241, Indonesia","Restoran Bebek Tepi Sawah Surabaya, No. 50, Jalan Juwono, RW 03, Darmo, Wonokromo, Surabaya, East Java, Java, 60241, Indonesia"
35,PT Pertamina Gas,-7.293,112.739,"Jalan Raya Darmo, RW 02, Darmo, Wonokromo, Surabaya, Jawa Timur, Jawa, 60421, Indonesia","Jalan Raya Darmo, RW 02, Darmo, Wonokromo, Surabaya, East Java, Java, 60421, Indonesia"
36,Grand Darmo Suite,-7.292,112.739,"Jalan Raya Darmo, RW 02, Darmo, Wonokromo, Surabaya, Jawa Timur, Jawa, 60421, Indonesia","Jalan Raya Darmo, RW 02, Darmo, Wonokromo, Surabaya, East Java, Java, 60421, Indonesia"
37,Taman Bungkul,-7.291,112.74,"Arena Bermain, Jalan Taman Bungkul, RW 03, Darmo, Wonokromo, Surabaya, Jawa Timur, Jawa, 60421, Indonesia","Arena Bermain, Jalan Taman Bungkul, RW 03, Darmo, Wonokromo, Surabaya, East Java, Java, 60421, Indonesia"
38,Wisma Sehati Surabaya,-7.292,112.736,"Rumah Sakit Katolik St. Vincentius A Paulo (RKZ), Jalan Cisadane, RW 06, Darmo, Wonokromo, Surabaya, Jawa Timur, Jawa, 60421, Indonesia","Rumah Sakit Katolik St. Vincentius A Paulo (RKZ), Jalan Cisadane, RW 06, Darmo, Wonokromo, Surabaya, East Java, Java, 60421, Indonesia"
39,STIKES Katolik St. Vincentius A Paulo,-7.293,112.735,"Rumah Sakit Katolik St. Vincentius A Paulo (RKZ), Jalan Cisadane, RW 06, Darmo, Wonokromo, Surabaya, Jawa Timur, Jawa, 60421, Indonesia","Rumah Sakit Katolik St. Vincentius A Paulo (RKZ), Jalan Cisadane, RW 06, Darmo, Wonokromo, Surabaya, East Java, Java, 60421, Indonesia"
40,Pasar Keputran Utara,-7.275,112.743,"Pasar Keputran, Jalan Keputran III, RW 01, Keputran, Tegalsari, Surabaya, Jawa Timur, Jawa, 60271, Indonesia","Pasar Keputran, Jalan Keputran III, RW 01, Keputran, Tegalsari, Surabaya, East Java, Java, 60271, Indonesia"
41,Halim Design & Furniture,-7.286,112.74,"Bangkok Bank, Jalan Raya Darmo, RW 06, Keputran, Tegalsari, Surabaya, Jawa Timur, Jawa, 60265, Indonesia","Bangkok Bank, Jalan Raya Darmo, RW 06, Keputran, Tegalsari, Surabaya, East Java, Java, 60265, Indonesia"
42,Bank Mega,-7.287,112.74,"Jalan Comal, RW 06, Keputran, Tegalsari, Surabaya, Jawa Timur, Jawa, 60421, Indonesia","Jalan Comal, RW 06, Keputran, Tegalsari, Surabaya, East Java, Java, 60421, Indonesia"
43,yayasan Kaliandra Sejati,-7.289,112.741,"Jalan Lusi, RW 06, Keputran, Tegalsari, Surabaya, Jawa Timur, Jawa, 60421, Indonesia","Jalan Lusi, RW 06, Keputran, Tegalsari, Surabaya, East Java, Java, 60421, Indonesia"
44,Sekolah Dasar Santa Maria Surabaya,-7.284,112.741,"Jalan Tumapel, RW 06, Keputran, Tegalsari, Surabaya, Jawa Timur, Jawa, 60265, Indonesia","Jalan Tumapel, RW 06, Keputran, Tegalsari, Surabaya, East Java, Java, 60265, Indonesia"
45,Ikatan Alumni SMAK St. louis 1,-7.282,112.743,"Jalan Blambangan 12, 12, Jalan Blambangan, RW 06, Keputran, Tegalsari, Surabaya, Jawa Timur, Jawa, 60265, Indonesia","Jalan Blambangan 12, 12, Jalan Blambangan, RW 06, Keputran, Tegalsari, Surabaya, East Java, Java, 60265, Indonesia"
46,BCA KCU Darmo,-7.279,112.742,"Jalan Sriwijaya, RW 06, Keputran, Tegalsari, Surabaya, Jawa Timur, Jawa, 60265, Indonesia","Jalan Sriwijaya, RW 06, Keputran, Tegalsari, Surabaya, East Java, Java, 60265, Indonesia"
47,RedDoorz Urip Sumoharjo,-7.278,112.742,"BCA, Jalan Raya Darmo, RW 06, Keputran, Tegalsari, Surabaya, Jawa Timur, Jawa, 60265, Indonesia","BCA, Jalan Raya Darmo, RW 06, Keputran, Tegalsari, Surabaya, East Java, Java, 60265, Indonesia"
48,Istana Permata Hotel Dinoyo,-7.279,112.744,"Gereja Segala Bangsa, Jalan Sunda, RW 06, Keputran, Tegalsari, Surabaya, Jawa Timur, Jawa, 60265, Indonesia","Gereja Segala Bangsa, Jalan Sunda, RW 06, Keputran, Tegalsari, Surabaya, East Java, Java, 60265, Indonesia"
49,Pasar Keputran Selatan,-7.278,112.744,"Pasar Keputran Selatan, Jalan Pasar Keputran, RW 03, Keputran, Tegalsari, Surabaya, Jawa Timur, Jawa, 60265, Indonesia","Pasar Keputran Selatan, Jalan Pasar Keputran, RW 03, Keputran, Tegalsari, Surabaya, East Java, Java, 60265, Indonesia"
50,Gedung Keuangan Negara (GKN) II Surabaya,-7.285,112.746,"Ramayana Bakery, No. 80-82, Jalan Dinoyo, RW 03, Keputran, Tegalsari, Surabaya, Jawa Timur, Jawa, 60265, Indonesia","Ramayana Bakery, No. 80-82, Jalan Dinoyo, RW 03, Keputran, Tegalsari, Surabaya, East Java, Java, 60265, Indonesia"
51,Universitas Katolik Widya mandala Surabaya-Dinoyo,-7.281,112.745,"Universitas Katolik Widya Mandala Surabaya, Jalan Mojopahit, RW 03, Keputran, Tegalsari, Surabaya, Jawa Timur, Jawa, 60261, Indonesia","Universitas Katolik Widya Mandala Surabaya, Jalan Mojopahit, RW 03, Keputran, Tegalsari, Surabaya, East Java, Java, 60261, Indonesia"
52,SMA Katolik St. Louis 1 Surabaya,-7.28,112.744,"Holland Bakery, Jalan Sunda, RW 06, Keputran, Tegalsari, Surabaya, Jawa Timur, Jawa, 60261, Indonesia","Holland Bakery, Jalan Sunda, RW 06, Keputran, Tegalsari, Surabaya, East Java, Java, 60261, Indonesia"
53,Gereja Katedral Surabaya-Hati Kudus yesus,-7.281,112.742,"Keuskupan Surabaya, 17, Jalan Moehammad Jasin Polisi Istimewa, RW 06, Keputran, Tegalsari, Surabaya, Jawa Timur, Jawa, 60265, Indonesia","Keuskupan Surabaya, 17, Jalan Moehammad Jasin Polisi Istimewa, RW 06, Keputran, Tegalsari, Surabaya, East Java, Java, 60265, Indonesia"
54,Akademi Sekretari widya Mandala Surabaya,-7.281,112.744,"Kost Putri Tengah Kota Surabaya, 12, Jalan Mojopahit, RW 06, Keputran, Tegalsari, Surabaya, Jawa Timur, Jawa, 60265, Indonesia","Kost Putri Tengah Kota Surabaya, 12, Jalan Mojopahit, RW 06, Keputran, Tegalsari, Surabaya, East Java, Java, 60265, Indonesia"
55,SMP Santa Katarina,-7.281,112.743,"SMA Katolik St. Louis 1, 7, Jalan Moehammad Jasin Polisi Istimewa, RW 06, Keputran, Tegalsari, Surabaya, Jawa Timur, Jawa, 60265, Indonesia","SMA Katolik St. Louis 1, 7, Jalan Moehammad Jasin Polisi Istimewa, RW 06, Keputran, Tegalsari, Surabaya, East Java, Java, 60265, Indonesia"
57,SDN Keputran I,-7.284,112.743,"Jalan Blambangan 21, 21, Jalan Blambangan, RW 06, Keputran, Tegalsari, Surabaya, Jawa Timur, Jawa, 60265, Indonesia","Jalan Blambangan 21, 21, Jalan Blambangan, RW 06, Keputran, Tegalsari, Surabaya, East Java, Java, 60265, Indonesia"
58,Gereja Baptis Indonesia Indonesia Pengharapan,-7.275,112.731,"Nasgor Mak Pasar Sore Pandegiling, 185, Jalan Pandegiling, RW 03, Dr. Sutomo, Tegalsari, Surabaya, Jawa Timur, Jawa, 60252, Indonesia","Nasgor Mak Pasar Sore Pandegiling, 185, Jalan Pandegiling, RW 03, Dr. Sutomo, Tegalsari, Surabaya, East Java, Java, 60252, Indonesia"
59,Sekolah dasar kristen Baptis pengharapan,-7.275,112.731,"Nasgor Mak Pasar Sore Pandegiling, 185, Jalan Pandegiling, RW 03, Dr. Sutomo, Tegalsari, Surabaya, Jawa Timur, Jawa, 60252, Indonesia","Nasgor Mak Pasar Sore Pandegiling, 185, Jalan Pandegiling, RW 03, Dr. Sutomo, Tegalsari, Surabaya, East Java, Java, 60252, Indonesia"
60,KB-TK Khadijah Pandegiling,-7.276,112.733,"RW 03, Dr. Sutomo, Tegalsari, Surabaya, Jawa Timur, Jawa, 60252, Indonesia","RW 03, Dr. Sutomo, Tegalsari, Surabaya, East Java, Java, 60252, Indonesia"
61,Rumah Sakit darmo,-7.288,112.739,"Rumah Sakit Darmo, 90, Jalan Raya Darmo, RW 06, Keputran, Tegalsari, Surabaya, Jawa Timur, Jawa, 60241, Indonesia","Rumah Sakit Darmo, 90, Jalan Raya Darmo, RW 06, Keputran, Tegalsari, Surabaya, East Java, Java, 60241, Indonesia"
62,Mercure Surabaya Grand Mirama,-7.286,112.739,"RW 14, Dr. Sutomo, Tegalsari, Surabaya, Jawa Timur, Jawa, 60264, Indonesia","RW 14, Dr. Sutomo, Tegalsari, Surabaya, East Java, Java, 60264, Indonesia"
63,Quest Hotel Darmo Surabaya,-7.286,112.739,"RW 14, Dr. Sutomo, Tegalsari, Surabaya, Jawa Timur, Jawa, 60264, Indonesia","RW 14, Dr. Sutomo, Tegalsari, Surabaya, East Java, Java, 60264, Indonesia"
64,Grand Swiss-Belhotel Darmo Surabaya,-7.287,112.738,"Rumah Sakit Darmo, 90, Jalan Raya Darmo, RW 06, Keputran, Tegalsari, Surabaya, Jawa Timur, Jawa, 60241, Indonesia","Rumah Sakit Darmo, 90, Jalan Raya Darmo, RW 06, Keputran, Tegalsari, Surabaya, East Java, Java, 60241, Indonesia"
65,Amaris Hotel Darmo Surabaya,-7.286,112.738,"Jalan Bintoro, RW 14, Dr. Sutomo, Tegalsari, Surabaya, Jawa Timur, Jawa, 60264, Indonesia","Jalan Bintoro, RW 14, Dr. Sutomo, Tegalsari, Surabaya, East Java, Java, 60264, Indonesia"
66,Edubia-Bimbel Les Privat Surabaya,-7.288,112.737,"Jalan Cimanuk, RW 14, Dr. Sutomo, Tegalsari, Surabaya, Jawa Timur, Jawa, 60421, Indonesia","Jalan Cimanuk, RW 14, Dr. Sutomo, Tegalsari, Surabaya, East Java, Java, 60421, Indonesia"
67,Konsulat Republik Federal Jerman,-7.283,112.739,"Honorarkonsul der Bundesrepublik Deutschland, Jalan Dokter Wahidin, RW 13, Dr. Sutomo, Tegalsari, Surabaya, Jawa Timur, Jawa, 60264, Indonesia","Honorarkonsul der Bundesrepublik Deutschland, Jalan Dokter Wahidin, RW 13, Dr. Sutomo, Tegalsari, Surabaya, East Java, Java, 60264, Indonesia"
68,Graha Wismilak,-7.282,112.74,"Grha Wismilak, 27, Jalan Dokter Soetomo, RW 13, Dr. Sutomo, Tegalsari, Surabaya, Jawa Timur, Jawa, 60264, Indonesia","Grha Wismilak, 27, Jalan Dokter Soetomo, RW 13, Dr. Sutomo, Tegalsari, Surabaya, East Java, Java, 60264, Indonesia"
69,Laboratorium Klinik Biotest,-7.277,112.732,"Jalan Kampung Panjaan VII, RW 04, Dr. Sutomo, Tegalsari, Surabaya, Jawa Timur, Jawa, 60252, Indonesia","Jalan Kampung Panjaan VII, RW 04, Dr. Sutomo, Tegalsari, Surabaya, East Java, Java, 60252, Indonesia"
70,Musholla SMPN 10 Surabaya,-7.278,112.733,"Melania Aesthetic Dermatology Clinic, No.108, Jalan Kupang Segunting VI, RW 09, Dr. Sutomo, Tegalsari, Surabaya, Jawa Timur, Jawa, 60264, Indonesia","Melania Aesthetic Dermatology Clinic, No.108, Jalan Kupang Segunting VI, RW 09, Dr. Sutomo, Tegalsari, Surabaya, East Java, Java, 60264, Indonesia"
71,Lembaga Ilmu Pengetshuan Islam & Arab cbg Surabaya (LIPIA SBY),-7.281,112.733,"Jalan Trunojoyo, RW 12, Dr. Sutomo, Tegalsari, Surabaya, Jawa Timur, Jawa, 60264, Indonesia","Jalan Trunojoyo, RW 12, Dr. Sutomo, Tegalsari, Surabaya, East Java, Java, 60264, Indonesia"
72,House of Bikers Surabaya,-7.282,112.733,"Klinik Estetika dr. Affandi Surabaya, Jalan Raya Diponegoro, RW 13, Dr. Sutomo, Tegalsari, Surabaya, Jawa Timur, Jawa, 60264, Indonesia","Klinik Estetika dr. Affandi Surabaya, Jalan Raya Diponegoro, RW 13, Dr. Sutomo, Tegalsari, Surabaya, East Java, Java, 60264, Indonesia"
73,Persatuan Karya Dharma Kesehatan Indonesia,-7.283,112.734,"Jalan Trunojoyo, RW 12, Dr. Sutomo, Tegalsari, Surabaya, Jawa Timur, Jawa, 60264, Indonesia","Jalan Trunojoyo, RW 12, Dr. Sutomo, Tegalsari, Surabaya, East Java, Java, 60264, Indonesia"
74,SDN Dr. Soetomo V,-7.286,112.735,"SD Negeri Dr. Soetomo V-VIII, Jalan Trunojoyo, RW 14, Dr. Sutomo, Tegalsari, Surabaya, Jawa Timur, Jawa, 60264, Indonesia","SD Negeri Dr. Soetomo V-VIII, Jalan Trunojoyo, RW 14, Dr. Sutomo, Tegalsari, Surabaya, East Java, Java, 60264, Indonesia"
75,REGANTRIS HOTEL SURABAYA,-7.284,112.735,"Jalan Dokter Soetomo, RW 13, Dr. Sutomo, Tegalsari, Surabaya, Jawa Timur, Jawa, 60264, Indonesia","Jalan Dokter Soetomo, RW 13, Dr. Sutomo, Tegalsari, Surabaya, East Java, Java, 60264, Indonesia"
76,PT JASA RAHARJA KANWIL JAWA TIMUR,-7.285,112.734,"Jasa Raharja, Jalan Raya Diponegoro, RW 14, Dr. Sutomo, Tegalsari, Surabaya, Jawa Timur, Jawa, 60264, Indonesia","Jasa Raharja, Jalan Raya Diponegoro, RW 14, Dr. Sutomo, Tegalsari, Surabaya, East Java, Java, 60264, Indonesia"
77,Yayasan Mardiwijana,-7.284,112.735,"Jalan Dokter Soetomo, RW 13, Dr. Sutomo, Tegalsari, Surabaya, Jawa Timur, Jawa, 60264, Indonesia","Jalan Dokter Soetomo, RW 13, Dr. Sutomo, Tegalsari, Surabaya, East Java, Java, 60264, Indonesia"
78,Oud Soerabaja Eclectisch huis in de Gemeente,-7.286,112.737,"Jalan Taman Bintoro, RW 14, Dr. Sutomo, Tegalsari, Surabaya, Jawa Timur, Jawa, 60264, Indonesia","Jalan Taman Bintoro, RW 14, Dr. Sutomo, Tegalsari, Surabaya, East Java, Java, 60264, Indonesia"
79,MOOI House,-7.286,112.737,"Jalan Taman Bintoro, RW 14, Dr. Sutomo, Tegalsari, Surabaya, Jawa Timur, Jawa, 60264, Indonesia","Jalan Taman Bintoro, RW 14, Dr. Sutomo, Tegalsari, Surabaya, East Java, Java, 60264, Indonesia"
80,Rumah sakit Yayasan darus Safa,-7.286,112.737,"Jalan Taman Bintoro, RW 14, Dr. Sutomo, Tegalsari, Surabaya, Jawa Timur, Jawa, 60264, Indonesia","Jalan Taman Bintoro, RW 14, Dr. Sutomo, Tegalsari, Surabaya, East Java, Java, 60264, Indonesia"
81,Majelis taklim & Salat Jumat  Mercure Grand Mirama,-7.285,112.738,"Jalan Muhammad Husni Thamrin, RW 13, Dr. Sutomo, Tegalsari, Surabaya, Jawa Timur, Jawa, 60264, Indonesia","Jalan Muhammad Husni Thamrin, RW 13, Dr. Sutomo, Tegalsari, Surabaya, East Java, Java, 60264, Indonesia"
82,TOBY'S ESTETATE-Imam Bonjol,-7.285,112.738,"Jalan Muhammad Husni Thamrin, RW 13, Dr. Sutomo, Tegalsari, Surabaya, Jawa Timur, Jawa, 60264, Indonesia","Jalan Muhammad Husni Thamrin, RW 13, Dr. Sutomo, Tegalsari, Surabaya, East Java, Java, 60264, Indonesia"
84,Puncak Nirwana,-7.284,112.739,"Jalan Ronggolawe, RW 10, Dr. Sutomo, Tegalsari, Surabaya, Jawa Timur, Jawa, 60264, Indonesia","Jalan Ronggolawe, RW 10, Dr. Sutomo, Tegalsari, Surabaya, East Java, Java, 60264, Indonesia"
85,komp. darmo Square,-7.283,112.74,"Jalan Mojopahit, RW 10, Dr. Sutomo, Tegalsari, Surabaya, Jawa Timur, Jawa, 60264, Indonesia","Jalan Mojopahit, RW 10, Dr. Sutomo, Tegalsari, Surabaya, East Java, Java, 60264, Indonesia"
86,OMA ESTATE,-7.284,112.739,"Jalan Ronggolawe, RW 10, Dr. Sutomo, Tegalsari, Surabaya, Jawa Timur, Jawa, 60264, Indonesia","Jalan Ronggolawe, RW 10, Dr. Sutomo, Tegalsari, Surabaya, East Java, Java, 60264, Indonesia"
87,LAN HOA Restaurant Mercure Surabaya,-7.284,112.74,"Honorary Consulate of the Czech Republic, 54-56, Jalan Raya Darmo, RW 10, Dr. Sutomo, Tegalsari, Surabaya, Jawa Timur, Jawa, 60264, Indonesia","Honorary Consulate of the Czech Republic, 54-56, Jalan Raya Darmo, RW 10, Dr. Sutomo, Tegalsari, Surabaya, East Java, Java, 60264, Indonesia"
88,Dit Pamobvit Polda Jatim,-7.283,112.737,"Jalan Dokter Soetomo, RW 13, Dr. Sutomo, Tegalsari, Surabaya, Jawa Timur, Jawa, 60264, Indonesia","Jalan Dokter Soetomo, RW 13, Dr. Sutomo, Tegalsari, Surabaya, East Java, Java, 60264, Indonesia"
89,kantor Dewan Pengurus yayasan Yohannes Gabriel,-7.282,112.737,"Miracle Aesthetic Clinic Thamrin, 40, Jalan Muhammad Husni Thamrin, RW 11, Dr. Sutomo, Tegalsari, Surabaya, Jawa Timur, Jawa, 60264, Indonesia","Miracle Aesthetic Clinic Thamrin, 40, Jalan Muhammad Husni Thamrin, RW 11, Dr. Sutomo, Tegalsari, Surabaya, East Java, Java, 60264, Indonesia"
90,MOTE Training Center,-7.281,112.738,"Jalan Dokter Wahidin, RW 10, Dr. Sutomo, Tegalsari, Surabaya, Jawa Timur, Jawa, 60264, Indonesia","Jalan Dokter Wahidin, RW 10, Dr. Sutomo, Tegalsari, Surabaya, East Java, Java, 60264, Indonesia"
91,C2O library & Collabtive,-7.282,112.739,"Grha Wismilak, 27, Jalan Dokter Soetomo, RW 13, Dr. Sutomo, Tegalsari, Surabaya, Jawa Timur, Jawa, 60264, Indonesia","Grha Wismilak, 27, Jalan Dokter Soetomo, RW 13, Dr. Sutomo, Tegalsari, Surabaya, East Java, Java, 60264, Indonesia"
92,PT Sentratek Metalindo,-7.281,112.739,"C2O_library & collabtive, 22, Jalan Dokter Cipto, RW 13, Dr. Sutomo, Tegalsari, Surabaya, Jawa Timur, Jawa, 60264, Indonesia","C2O_library & collabtive, 22, Jalan Dokter Cipto, RW 13, Dr. Sutomo, Tegalsari, Surabaya, East Java, Java, 60264, Indonesia"
93,PT. ASIA PRIMA KONJAC,-7.28,112.739,"Esther House Of Beauty, Jalan Wage Rudolf Supratman, RW 11, Dr. Sutomo, Tegalsari, Surabaya, Jawa Timur, Jawa, 60264, Indonesia","Esther House Of Beauty, Jalan Wage Rudolf Supratman, RW 11, Dr. Sutomo, Tegalsari, Surabaya, East Java, Java, 60264, Indonesia"
94,Edlink Surabaya,-7.28,112.738,"pickleball, Jalan Teuku Umar, RW 11, Dr. Sutomo, Tegalsari, Surabaya, Jawa Timur, Jawa, 60264, Indonesia","pickleball, Jalan Teuku Umar, RW 11, Dr. Sutomo, Tegalsari, Surabaya, East Java, Java, 60264, Indonesia"
95,kristus kasih tabernacle pentecostal church,-7.28,112.739,"Esther House Of Beauty, Jalan Wage Rudolf Supratman, RW 11, Dr. Sutomo, Tegalsari, Surabaya, Jawa Timur, Jawa, 60264, Indonesia","Esther House Of Beauty, Jalan Wage Rudolf Supratman, RW 11, Dr. Sutomo, Tegalsari, Surabaya, East Java, Java, 60264, Indonesia"
96,gedung serbaguna keuskupan Surabaya,-7.28,112.739,"Esther House Of Beauty, Jalan Wage Rudolf Supratman, RW 11, Dr. Sutomo, Tegalsari, Surabaya, Jawa Timur, Jawa, 60264, Indonesia","Esther House Of Beauty, Jalan Wage Rudolf Supratman, RW 11, Dr. Sutomo, Tegalsari, Surabaya, East Java, Java, 60264, Indonesia"
97,Bukit Welirang Indah. PT,-7.28,112.74,"RA Kartini, Jalan R.A. Kartini, RW 09, Dr. Sutomo, Tegalsari, Surabaya, Jawa Timur, Jawa, 60264, Indonesia","RA Kartini, Jalan R.A. Kartini, RW 09, Dr. Sutomo, Tegalsari, Surabaya, East Java, Java, 60264, Indonesia"
98,PT. Bintang Mas Glassolutions Surabaya,-7.28,112.736,"SD Kristen Petra 1, 46, Jalan Wage Rudolf Supratman, RW 11, Dr. Sutomo, Tegalsari, Surabaya, Jawa Timur, Jawa, 60264, Indonesia","SD Kristen Petra 1, 46, Jalan Wage Rudolf Supratman, RW 11, Dr. Sutomo, Tegalsari, Surabaya, East Java, Java, 60264, Indonesia"
99,Rehabilitas Medik dan Akupuntur Imam Bonjol,-7.279,112.735,"Jalan R.A. Kartini, RW 09, Dr. Sutomo, Tegalsari, Surabaya, Jawa Timur, Jawa, 60264, Indonesia","Jalan R.A. Kartini, RW 09, Dr. Sutomo, Tegalsari, Surabaya, East Java, Java, 60264, Indonesia"
100,petra 1 Christian primary School WR Supratman Sby,-7.279,112.736,"Jalan R.A. Kartini, RW 09, Dr. Sutomo, Tegalsari, Surabaya, Jawa Timur, Jawa, 60264, Indonesia","Jalan R.A. Kartini, RW 09, Dr. Sutomo, Tegalsari, Surabaya, East Java, Java, 60264, Indonesia"
101,BSI UMKM Centre Surabaya,-7.279,112.734,"Jalan R.A. Kartini, RW 09, Dr. Sutomo, Tegalsari, Surabaya, Jawa Timur, Jawa, 60264, Indonesia","Jalan R.A. Kartini, RW 09, Dr. Sutomo, Tegalsari, Surabaya, East Java, Java, 60264, Indonesia"
102,Kharisma sejahtera daihatsu Surabaya,-7.279,112.731,"TK Islam Dwi Matra, Jalan Insinyur Anwari, RW 09, Dr. Sutomo, Tegalsari, Surabaya, Jawa Timur, Jawa, 60264, Indonesia","TK Islam Dwi Matra, Jalan Insinyur Anwari, RW 09, Dr. Sutomo, Tegalsari, Surabaya, East Java, Java, 60264, Indonesia"
103,Metro Hotel,-7.267,112.733,"Jalan Kedungsari, RW 01, Wonorejo, Tegalsari, Surabaya, Jawa Timur, Jawa, 60262, Indonesia","Jalan Kedungsari, RW 01, Wonorejo, Tegalsari, Surabaya, East Java, Java, 60262, Indonesia"
104,Best Hotel surabaya,-7.268,112.735,"Supermarket Giant, Jalan Plemahan XII, RW 01, Kedungdoro, Tegalsari, Surabaya, Jawa Timur, Jawa, 60262, Indonesia","Supermarket Giant, Jalan Plemahan XII, RW 01, Kedungdoro, Tegalsari, Surabaya, East Java, Java, 60262, Indonesia"
105,Perusahaan AKI HYBRID,-7.267,112.731,"136, Jalan Wonorejo I, RW 02, Wonorejo, Tegalsari, Surabaya, Jawa Timur, Jawa, 60262, Indonesia","136, Jalan Wonorejo I, RW 02, Wonorejo, Tegalsari, Surabaya, East Java, Java, 60262, Indonesia"
106,Pasar Kembang,-7.271,112.729,"Jalan Wonorejo IV, RW 06, Wonorejo, Tegalsari, Surabaya, Jawa Timur, Jawa, 60252, Indonesia","Jalan Wonorejo IV, RW 06, Wonorejo, Tegalsari, Surabaya, East Java, Java, 60252, Indonesia"
107,JW Marriott Hotel Surabaya,-7.26,112.735,"JW Marriott Hotel Surabaya, 85-89, Jalan Embong Malang, RW 08, Kedungdoro, Tegalsari, Surabaya, Jawa Timur, Jawa, 60261, Indonesia","JW Marriott Hotel Surabaya, 85-89, Jalan Embong Malang, RW 08, Kedungdoro, Tegalsari, Surabaya, East Java, Java, 60261, Indonesia"
108,Masjid Baiturrahman JW Marriott,-7.26,112.735,"JW Marriott Hotel Surabaya, 85-89, Jalan Embong Malang, RW 08, Kedungdoro, Tegalsari, Surabaya, Jawa Timur, Jawa, 60261, Indonesia","JW Marriott Hotel Surabaya, 85-89, Jalan Embong Malang, RW 08, Kedungdoro, Tegalsari, Surabaya, East Java, Java, 60261, Indonesia"
109,Amaris Hotel Embong Malang Surabaya,-7.259,112.734,"Halte Embong Malang, Jalan Embong Malang, RW 08, Kedungdoro, Tegalsari, Surabaya, Jawa Timur, Jawa, 60275, Indonesia","Halte Embong Malang, Jalan Embong Malang, RW 08, Kedungdoro, Tegalsari, Surabaya, East Java, Java, 60275, Indonesia"
110,Sheraton Surabaya Hotel & Towers,-7.263,112.739,"Tunjungan Plaza, Jalan Kaliasin Pompa, RW 10, Kedungdoro, Tegalsari, Surabaya, Jawa Timur, Jawa, 60261, Indonesia","Tunjungan Plaza, Jalan Kaliasin Pompa, RW 10, Kedungdoro, Tegalsari, Surabaya, East Java, Java, 60261, Indonesia"
111,Tunjungan Plaza,-7.263,112.74,"Tunjungan Plaza, Jalan Kaliasin Pompa, RW 10, Kedungdoro, Tegalsari, Surabaya, Jawa Timur, Jawa, 60261, Indonesia","Tunjungan Plaza, Jalan Kaliasin Pompa, RW 10, Kedungdoro, Tegalsari, Surabaya, East Java, Java, 60261, Indonesia"
112,Four points by Sheraton Surabaya,-7.262,112.739,"Tunjungan Plaza, Jalan Kaliasin Pompa, RW 10, Kedungdoro, Tegalsari, Surabaya, Jawa Timur, Jawa, 60261, Indonesia","Tunjungan Plaza, Jalan Kaliasin Pompa, RW 10, Kedungdoro, Tegalsari, Surabaya, East Java, Java, 60261, Indonesia"
113,Tunjungan Hotel Surabaya,-7.262,112.74,"Tunjungan Hotel, 102-104, Jalan Tunjungan, RW 10, Kedungdoro, Tegalsari, Surabaya, Jawa Timur, Jawa, 60011, Indonesia","Tunjungan Hotel, 102-104, Jalan Tunjungan, RW 10, Kedungdoro, Tegalsari, Surabaya, East Java, Java, 60011, Indonesia"
114,Gedung Ekonomi,-7.261,112.738,"Gedung Go Skate, Jalan Embong Malang, RW 10, Kedungdoro, Tegalsari, Surabaya, Jawa Timur, Jawa, 60275, Indonesia","Gedung Go Skate, Jalan Embong Malang, RW 10, Kedungdoro, Tegalsari, Surabaya, East Java, Java, 60275, Indonesia"
115,Laboratorium Medis Kedungdoro,-7.266,112.732,"Jalan Kedung Anyar Wetan, RW 02, Kedungdoro, Tegalsari, Surabaya, Jawa Timur, Jawa, 60262, Indonesia","Jalan Kedung Anyar Wetan, RW 02, Kedungdoro, Tegalsari, Surabaya, East Java, Java, 60262, Indonesia"
116,Masjid Khoirul Huda,-7.263,112.735,"Jalan Plemahan Gang VI, RW 09, Kedungdoro, Tegalsari, Surabaya, Jawa Timur, Jawa, 60261, Indonesia","Jalan Plemahan Gang VI, RW 09, Kedungdoro, Tegalsari, Surabaya, East Java, Java, 60261, Indonesia"
117,Midtown Hotel Surabaya,-7.267,112.74,"Holycow! Steakhouse by Chef Afit, 6, Jalan Pregolan, RW 02, Tegalsari, Surabaya, Jawa Timur, Jawa, 60262, Indonesia","Holycow! Steakhouse by Chef Afit, 6, Jalan Pregolan, RW 02, Tegalsari, Surabaya, East Java, Java, 60262, Indonesia"
118,Favehotel MEX Tunjungan,-7.267,112.74,"Holycow! Steakhouse by Chef Afit, 6, Jalan Pregolan, RW 02, Tegalsari, Surabaya, Jawa Timur, Jawa, 60262, Indonesia","Holycow! Steakhouse by Chef Afit, 6, Jalan Pregolan, RW 02, Tegalsari, Surabaya, East Java, Java, 60262, Indonesia"
119,Kodim 0832 Surabaya Selatan,-7.267,112.736,"Jalan Tegal Sari, RW 01, Kedungdoro, Tegalsari, Surabaya, Jawa Timur, Jawa, 60261, Indonesia","Jalan Tegal Sari, RW 01, Kedungdoro, Tegalsari, Surabaya, East Java, Java, 60261, Indonesia"
120,Hotel Bisanta Bidakara Tunjungan,-7.267,112.737,"Dunia Suzan, Jalan Tegal Sari, RW 01, Tegalsari, Surabaya, Jawa Timur, Jawa, 60261, Indonesia","Dunia Suzan, Jalan Tegal Sari, RW 01, Tegalsari, Surabaya, East Java, Java, 60261, Indonesia"
121,Gereja Kristen Abdiel Elyon,-7.268,112.738,"Erha, 18, Jalan Kombes Polisi M. Duriyat, RW 03, Tegalsari, Surabaya, Jawa Timur, Jawa, 60226, Indonesia","Erha, 18, Jalan Kombes Polisi M. Duriyat, RW 03, Tegalsari, Surabaya, East Java, Java, 60226, Indonesia"
122,PT. Trust Finance Indonesia,-7.268,112.739,"Panti Asuhan Matahari Terbit, 10-12, Jalan Kombes Polisi M. Duriyat, RW 03, Tegalsari, Surabaya, Jawa Timur, Jawa, 60262, Indonesia","Panti Asuhan Matahari Terbit, 10-12, Jalan Kombes Polisi M. Duriyat, RW 03, Tegalsari, Surabaya, East Java, Java, 60262, Indonesia"
123,Royal Regantris Cendana,-7.268,112.74,"Lentora, 17, Jalan Pregolan, RW 02, Tegalsari, Surabaya, Jawa Timur, Jawa, 60262, Indonesia","Lentora, 17, Jalan Pregolan, RW 02, Tegalsari, Surabaya, East Java, Java, 60262, Indonesia"
124,Gereja Mawar Sharon Surabaya,-7.27,112.738,"Gereja Mawar Sharon, Jalan Cempaka, RW 03, Tegalsari, Surabaya, Jawa Timur, Jawa, 60262, Indonesia","Gereja Mawar Sharon, Jalan Cempaka, RW 03, Tegalsari, Surabaya, East Java, Java, 60262, Indonesia"
125,Masjid Roudlotul falah Sby,-7.243,112.723,"Gang Dupak V, RW 06, Jepara, Bubutan, Surabaya, Jawa Timur, Jawa, 60176, Indonesia","Gang Dupak V, RW 06, Jepara, Bubutan, Surabaya, East Java, Java, 60176, Indonesia"
126,Masjid Roudlotul Ulum  Dupak Baru,-7.242,112.722,"Jalan Dupak Baru III, RW 05, Jepara, Bubutan, Surabaya, Jawa Timur, Jawa, 60176, Indonesia","Jalan Dupak Baru III, RW 05, Jepara, Bubutan, Surabaya, East Java, Java, 60176, Indonesia"
127,Masjid Al-Hilal,-7.238,112.722,"Masjid Al Ishlah, Jalan Purwodadi Raya, RW 04, Jepara, Bubutan, Surabaya, Jawa Timur, Jawa, 60176, Indonesia","Masjid Al Ishlah, Jalan Purwodadi Raya, RW 04, Jepara, Bubutan, Surabaya, East Java, Java, 60176, Indonesia"
128,Balai RW VII Kel. Jepara,-7.244,112.729,"Jalan Dupak Timur III, RW 08, Jepara, Bubutan, Surabaya, Jawa Timur, Jawa, 60172, Indonesia","Jalan Dupak Timur III, RW 08, Jepara, Bubutan, Surabaya, East Java, Java, 60172, Indonesia"
129,Grand Empire Palace Hotel,-7.258,112.734,"The Empire Palace, No. 57-75, Jalan Blauran I, RW 01, Genteng, Surabaya, Jawa Timur, Jawa, 60272, Indonesia","The Empire Palace, No. 57-75, Jalan Blauran I, RW 01, Genteng, Surabaya, East Java, Java, 60272, Indonesia"
130,SMPN 4 Surabaya,-7.257,112.736,"DoubleTree by Hilton Surabaya, 12, Jalan Tunjungan, RW 01, Genteng, Surabaya, Jawa Timur, Jawa, 60275, Indonesia","DoubleTree by Hilton Surabaya, 12, Jalan Tunjungan, RW 01, Genteng, Surabaya, East Java, Java, 60275, Indonesia"
131,Perum Perhutsni divisi Regional Jawa Timur,-7.257,112.743,"Jalan Genteng Kali, RW 11, Genteng, Surabaya, Jawa Timur, Jawa, 60274, Indonesia","Jalan Genteng Kali, RW 11, Genteng, Surabaya, East Java, Java, 60274, Indonesia"
132,PT Pupuk Indonesia wilayah 3A Jatim,-7.256,112.742,"Jalan Genteng Kali, RW 07, Genteng, Surabaya, Jawa Timur, Jawa, 60275, Indonesia","Jalan Genteng Kali, RW 07, Genteng, Surabaya, East Java, Java, 60275, Indonesia"
133,UPT TAMAN BUDAYA JATIM,-7.256,112.74,"Jalan Genteng Kali, RW 06, Genteng, Surabaya, Jawa Timur, Jawa, 60275, Indonesia","Jalan Genteng Kali, RW 06, Genteng, Surabaya, East Java, Java, 60275, Indonesia"
134,Hotel platinum Tunjungan Sby,-7.257,112.739,"RW 05, Genteng, Surabaya, Jawa Timur, Jawa, 60275, Indonesia","RW 05, Genteng, Surabaya, East Java, Java, 60275, Indonesia"
135,Hotel Paviljoen,-7.259,112.741,"Jalan Genteng Besar, RW 10, Genteng, Surabaya, Jawa Timur, Jawa, 60275, Indonesia","Jalan Genteng Besar, RW 10, Genteng, Surabaya, East Java, Java, 60275, Indonesia"
136,Hotel 88 Embong Malang Sby,-7.258,112.734,"The Empire Palace, No. 57-75, Jalan Blauran I, RW 01, Genteng, Surabaya, Jawa Timur, Jawa, 60272, Indonesia","The Empire Palace, No. 57-75, Jalan Blauran I, RW 01, Genteng, Surabaya, East Java, Java, 60272, Indonesia"
137,Exelco- SUB Sentral Tujungan,-7.261,112.741,"Jalan Kenari, RW 02, Embong Kaliasin, Genteng, Surabaya, Jawa Timur, Jawa, 60011, Indonesia","Jalan Kenari, RW 02, Embong Kaliasin, Genteng, Surabaya, East Java, Java, 60011, Indonesia"
138,Majapahit Hotel Surabaya- M Gallery Collection,-7.259,112.74,"Hotel Majapahit, 65, Jalan Tunjungan, RW 04, Genteng, Surabaya, Jawa Timur, Jawa, 60275, Indonesia","Hotel Majapahit, 65, Jalan Tunjungan, RW 04, Genteng, Surabaya, East Java, Java, 60275, Indonesia"
139,Dinas Pendidikan Provinsi Jawa Timur,-7.258,112.743,"SMK Rajasa, Jalan Genteng Kali, RW 11, Genteng, Surabaya, Jawa Timur, Jawa, 60274, Indonesia","SMK Rajasa, Jalan Genteng Kali, RW 11, Genteng, Surabaya, East Java, Java, 60274, Indonesia"
140,Gedung Cak Durasim,-7.257,112.738,"Tunjungan Electronic Centre, Jalan Tunjungan, RW 05, Genteng, Surabaya, Jawa Timur, Jawa, 60275, Indonesia","Tunjungan Electronic Centre, Jalan Tunjungan, RW 05, Genteng, Surabaya, East Java, Java, 60275, Indonesia"
141,BG Junction Mall,-7.255,112.734,"Sentra BG Junction, No.8-A, Jalan Kranggan, RW 08, Sawahan, Surabaya, Jawa Timur, Jawa, 60174, Indonesia","Sentra BG Junction, No.8-A, Jalan Kranggan, RW 08, Sawahan, Surabaya, East Java, Java, 60174, Indonesia"
142,Dinas Pemadam Kebakaran Kota Surabaya,-7.249,112.734,"Jalan Pengenal, RW 05, Bubutan, Surabaya, Jawa Timur, Jawa, 60179, Indonesia","Jalan Pengenal, RW 05, Bubutan, Surabaya, East Java, Java, 60179, Indonesia"
143,Gedung Kencana,-7.251,112.735,"Masjid Darul Ulum, Jalan Bubutan Kulon, RW 05, Bubutan, Surabaya, Jawa Timur, Jawa, 60179, Indonesia","Masjid Darul Ulum, Jalan Bubutan Kulon, RW 05, Bubutan, Surabaya, East Java, Java, 60179, Indonesia"
144,Intan Hotel Surabaya Pasar Turi,-7.25,112.733,"Jalan Semarang Gang Buntu, RW 10, Bubutan, Surabaya, Jawa Timur, Jawa, 60179, Indonesia","Jalan Semarang Gang Buntu, RW 10, Bubutan, Surabaya, East Java, Java, 60179, Indonesia"
145,SD-SMP Ktaolik Stella Maris,-7.252,112.734,"SD Negeri Bubutan II, Jalan Koblen Tengah, RW 05, Bubutan, Surabaya, Jawa Timur, Jawa, 60179, Indonesia","SD Negeri Bubutan II, Jalan Koblen Tengah, RW 05, Bubutan, Surabaya, East Java, Java, 60179, Indonesia"
146,PT Gudang Garam,-7.25,112.731,"Jalan Semarang, RW 05, Bubutan, Surabaya, Jawa Timur, Jawa, 60172, Indonesia","Jalan Semarang, RW 05, Bubutan, Surabaya, East Java, Java, 60179, Indonesia"
147,Museum Dr. Soetomo SBY,-7.252,112.735,"Jalan Koblen Tengah, RW 05, Bubutan, Surabaya, Jawa Timur, Jawa, 60179, Indonesia","Jalan Koblen Tengah, RW 05, Bubutan, Surabaya, East Java, Java, 60179, Indonesia"
148,SMK Negeri 7 Surabaya,-7.252,112.73,"RW 03, Bubutan, Surabaya, Jawa Timur, Jawa, 60172, Indonesia","RW 03, Bubutan, Surabaya, East Java, Java, 60172, Indonesia"
149,Asrama Polisi Koblen 7,-7.253,112.732,"TK Kartika IV, Jalan Koblen Kidul, RW 01, Bubutan, Surabaya, Jawa Timur, Jawa, 60179, Indonesia","TK Kartika IV, Jalan Koblen Kidul, RW 01, Bubutan, Surabaya, East Java, Java, 60179, Indonesia"
150,Sentral Tunjungan,-7.262,112.741,"Swiss-Belinn, 101, Jalan Tunjungan, RW 02, Embong Kaliasin, Genteng, Surabaya, Jawa Timur, Jawa, 60261, Indonesia","Swiss-Belinn, 101, Jalan Tunjungan, RW 02, Embong Kaliasin, Genteng, Surabaya, East Java, Java, 60261, Indonesia"
151,Swiss- Bellin Tunjungan surabaya,-7.262,112.742,"Warkop Pak No Simpang Dukuh, 7, Jalan Simpang Dukuh, RW 02, Embong Kaliasin, Genteng, Surabaya, Jawa Timur, Jawa, 60011, Indonesia","Warkop Pak No Simpang Dukuh, 7, Jalan Simpang Dukuh, RW 02, Embong Kaliasin, Genteng, Surabaya, East Java, Java, 60011, Indonesia"
152,Grand Inna Tunjungan Hotel Surabaya,-7.263,112.742,"Jalan Simpang Dukuh, RW 02, Embong Kaliasin, Genteng, Surabaya, Jawa Timur, Jawa, 60011, Indonesia","Jalan Simpang Dukuh, RW 02, Embong Kaliasin, Genteng, Surabaya, East Java, Java, 60011, Indonesia"
153,Stikes - SMK Kesehatan Nusantara,-7.262,112.743,"RW 02, Embong Kaliasin, Genteng, Surabaya, Jawa Timur, Jawa, 60011, Indonesia","RW 02, Embong Kaliasin, Genteng, Surabaya, East Java, Java, 60011, Indonesia"
154,SMA Trimurti,-7.263,112.743,"SMA Trimurti, Jalan Simpang Dukuh, RW 02, Embong Kaliasin, Genteng, Surabaya, Jawa Timur, Jawa, 60011, Indonesia","SMA Trimurti, Jalan Simpang Dukuh, RW 02, Embong Kaliasin, Genteng, Surabaya, East Java, Java, 60011, Indonesia"
155,Gedung Negara Grahadi,-7.263,112.744,"RW 02, Embong Kaliasin, Genteng, Surabaya, Jawa Timur, Jawa, 60011, Indonesia","RW 02, Embong Kaliasin, Genteng, Surabaya, East Java, Java, 60011, Indonesia"
156,SMA Negeri 6 Surabaya,-7.264,112.744,"Otoritas Jasa Keuangan, 28-30, Jalan Gubernur Suryo, RW 02, Embong Kaliasin, Genteng, Surabaya, Jawa Timur, Jawa, 68485, Indonesia","Otoritas Jasa Keuangan, 28-30, Jalan Gubernur Suryo, RW 02, Embong Kaliasin, Genteng, Surabaya, East Java, Java, 68485, Indonesia"
157,Masjid As-Sakinah Alun-Alun Surabaya,-7.263,112.745,"DPRD Kota Surabaya, Jalan Yos Sudarso, RW 02, Embong Kaliasin, Genteng, Surabaya, Jawa Timur, Jawa, 60272, Indonesia","DPRD Kota Surabaya, Jalan Yos Sudarso, RW 02, Embong Kaliasin, Genteng, Surabaya, East Java, Java, 60272, Indonesia"
158,DPRD Kota Surabaya,-7.263,112.745,"DPRD Kota Surabaya, Jalan Yos Sudarso, RW 02, Embong Kaliasin, Genteng, Surabaya, Jawa Timur, Jawa, 60272, Indonesia","DPRD Kota Surabaya, Jalan Yos Sudarso, RW 02, Embong Kaliasin, Genteng, Surabaya, East Java, Java, 60272, Indonesia"
159,Rumah Bahasa Surabaya,-7.263,112.745,"DPRD Kota Surabaya, Jalan Yos Sudarso, RW 02, Embong Kaliasin, Genteng, Surabaya, Jawa Timur, Jawa, 60272, Indonesia","DPRD Kota Surabaya, Jalan Yos Sudarso, RW 02, Embong Kaliasin, Genteng, Surabaya, East Java, Java, 60272, Indonesia"
160,Balai Pemuda Surabaya,-7.264,112.745,"RW 02, Embong Kaliasin, Genteng, Surabaya, Jawa Timur, Jawa, 68485, Indonesia","RW 02, Embong Kaliasin, Genteng, Surabaya, East Java, Java, 68485, Indonesia"
161,Grand Surabaya Hotel,-7.264,112.747,"Jalan Taman Simpang, RW 01, Embong Kaliasin, Genteng, Surabaya, Jawa Timur, Jawa, 60272, Indonesia","Jalan Taman Simpang, RW 01, Embong Kaliasin, Genteng, Surabaya, East Java, Java, 60272, Indonesia"
162,Garden Palace Hotel Surabaya,-7.263,112.747,"Jalan Taman Simpang, RW 01, Embong Kaliasin, Genteng, Surabaya, Jawa Timur, Jawa, 60272, Indonesia","Jalan Taman Simpang, RW 01, Embong Kaliasin, Genteng, Surabaya, East Java, Java, 60272, Indonesia"
163,GTI Bukit Zaitun,-7.262,112.747,"Kali, RW 01, Embong Kaliasin, Genteng, Surabaya, Jawa Timur, Jawa, 60272, Indonesia","Kali, RW 01, Embong Kaliasin, Genteng, Surabaya, East Java, Java, 60272, Indonesia"
164,WTC Surabaya,-7.263,112.748,"World Trade Center, Jalan Plaza Boulevard, RW 01, Embong Kaliasin, Genteng, Surabaya, Jawa Timur, Jawa, 60272, Indonesia","World Trade Center, Jalan Plaza Boulevard, RW 01, Embong Kaliasin, Genteng, Surabaya, East Java, Java, 60272, Indonesia"
165,Delta XXI,-7.265,112.748,"Surabaya Plaza, Jalan Plaza Boulevard, RW 01, Embong Kaliasin, Genteng, Surabaya, Jawa Timur, Jawa, 60272, Indonesia","Surabaya Plaza, Jalan Plaza Boulevard, RW 01, Embong Kaliasin, Genteng, Surabaya, East Java, Java, 60272, Indonesia"
166,Taman Apsari,-7.263,112.742,"Jalan Simpang Dukuh, RW 02, Embong Kaliasin, Genteng, Surabaya, Jawa Timur, Jawa, 60011, Indonesia","Jalan Simpang Dukuh, RW 02, Embong Kaliasin, Genteng, Surabaya, East Java, Java, 60011, Indonesia"
167,kampi Hotel tunjungan sby,-7.264,112.743,"Jalan Taman Apsari, RW 02, Embong Kaliasin, Genteng, Surabaya, Jawa Timur, Jawa, 68485, Indonesia","Jalan Taman Apsari, RW 02, Embong Kaliasin, Genteng, Surabaya, East Java, Java, 68485, Indonesia"
168,Kantor OJK,-7.264,112.743,"Jalan Taman Apsari, RW 02, Embong Kaliasin, Genteng, Surabaya, Jawa Timur, Jawa, 68485, Indonesia","Jalan Taman Apsari, RW 02, Embong Kaliasin, Genteng, Surabaya, East Java, Java, 68485, Indonesia"
169,SMP Kristen Petra 2,-7.265,112.744,"19-21, Jalan Embong Trengguli, RW 03, Embong Kaliasin, Genteng, Surabaya, Jawa Timur, Jawa, 60271, Indonesia","19-21, Jalan Embong Trengguli, RW 03, Embong Kaliasin, Genteng, Surabaya, East Java, Java, 60271, Indonesia"
170,PLN PT. Persero- Area Pengatur Distribusi Jatim,-7.266,112.744,"SMP Kristen Petra 2 Surabaya, 2, Jalan Embong Wungu, RW 03, Embong Kaliasin, Genteng, Surabaya, Jawa Timur, Jawa, 60271, Indonesia","SMP Kristen Petra 2 Surabaya, 2, Jalan Embong Wungu, RW 03, Embong Kaliasin, Genteng, Surabaya, East Java, Java, 60271, Indonesia"
171,Graha Bukopin,-7.266,112.745,"Jalan Panglima Besar Sudirman, RW 03, Embong Kaliasin, Genteng, Surabaya, Jawa Timur, Jawa, 68485, Indonesia","Jalan Panglima Besar Sudirman, RW 03, Embong Kaliasin, Genteng, Surabaya, East Java, Java, 68485, Indonesia"
172,graha sudirman,-7.265,112.746,"BTN, Jalan Pemuda, RW 01, Embong Kaliasin, Genteng, Surabaya, Jawa Timur, Jawa, 60272, Indonesia","BTN, Jalan Pemuda, RW 01, Embong Kaliasin, Genteng, Surabaya, East Java, Java, 60272, Indonesia"
173,Sinarmas land plaza,-7.265,112.747,"Plaza Sinarmas, 60-70, Jalan Pemuda, RW 01, Embong Kaliasin, Genteng, Surabaya, Jawa Timur, Jawa, 60272, Indonesia","Plaza Sinarmas, 60-70, Jalan Pemuda, RW 01, Embong Kaliasin, Genteng, Surabaya, East Java, Java, 60272, Indonesia"
174,Hoel 88 Embong Kenongo sby,-7.265,112.746,"BTN, Jalan Pemuda, RW 01, Embong Kaliasin, Genteng, Surabaya, Jawa Timur, Jawa, 60272, Indonesia","BTN, Jalan Pemuda, RW 01, Embong Kaliasin, Genteng, Surabaya, East Java, Java, 60272, Indonesia"
175,Triliun Office & residence,-7.265,112.747,"Plaza Sinarmas, 60-70, Jalan Pemuda, RW 01, Embong Kaliasin, Genteng, Surabaya, Jawa Timur, Jawa, 60272, Indonesia","Plaza Sinarmas, 60-70, Jalan Pemuda, RW 01, Embong Kaliasin, Genteng, Surabaya, East Java, Java, 60272, Indonesia"
176,Mozaren Surabaya,-7.266,112.747,"Hotel 88 Embong Kenongo, Nomor 17, Jalan Embong Kenongo, RW 01, Embong Kaliasin, Genteng, Surabaya, Jawa Timur, Jawa, 60271, Indonesia","Hotel 88 Embong Kenongo, Nomor 17, Jalan Embong Kenongo, RW 01, Embong Kaliasin, Genteng, Surabaya, East Java, Java, 60271, Indonesia"
177,Gereja Kristen Abdiel Trinitas,-7.268,112.749,"Desy'R, Jalan Kayoon, RW 05, Embong Kaliasin, Genteng, Surabaya, Jawa Timur, Jawa, 60281, Indonesia","Desy'R, Jalan Kayoon, RW 05, Embong Kaliasin, Genteng, Surabaya, East Java, Java, 60281, Indonesia"
178,Hotel Aria Centra,-7.267,112.744,"Jalan Taman Ade Irma Suryani Nasution, RW 03, Embong Kaliasin, Genteng, Surabaya, Jawa Timur, Jawa, 68485, Indonesia","Jalan Taman Ade Irma Suryani Nasution, RW 03, Embong Kaliasin, Genteng, Surabaya, East Java, Java, 68485, Indonesia"
179,Wyndham Surabaya,-7.266,112.741,"Sentral Yamaha Basuki Rahmat, 45-47, Jalan Jenderal Basuki Rachmat, RW 03, Embong Kaliasin, Genteng, Surabaya, Jawa Timur, Jawa, 68485, Indonesia","Sentral Yamaha Basuki Rahmat, 45-47, Jalan Jenderal Basuki Rachmat, RW 03, Embong Kaliasin, Genteng, Surabaya, East Java, Java, 68485, Indonesia"
180,Dyandra Convetion Center Surabaya,-7.269,112.742,"Graha Pasifik, 87-91, Jalan Jenderal Basuki Rachmat, RW 09, Embong Kaliasin, Genteng, Surabaya, Jawa Timur, Jawa, 60271, Indonesia","Graha Pasifik, 87-91, Jalan Jenderal Basuki Rachmat, RW 09, Embong Kaliasin, Genteng, Surabaya, East Java, Java, 60271, Indonesia"
181,Graha Pacific,-7.268,112.742,"Jalan Embong Gayam, RW 09, Embong Kaliasin, Genteng, Surabaya, Jawa Timur, Jawa, 68485, Indonesia","Jalan Embong Gayam, RW 09, Embong Kaliasin, Genteng, Surabaya, East Java, Java, 68485, Indonesia"
182,Crown Prince Hotel surabaya City Center,-7.27,112.742,"Koko Perdana Office Building, Jalan Lemah Putro III, RW 09, Embong Kaliasin, Genteng, Surabaya, Jawa Timur, Jawa, 60271, Indonesia","Koko Perdana Office Building, Jalan Lemah Putro III, RW 09, Embong Kaliasin, Genteng, Surabaya, East Java, Java, 60271, Indonesia"
183,JAPFA Tower I,-7.271,112.742,"Kantor Arsip & PDAM Kota Surabaya, Jalan Basuki Rahmat, RW 07, Embong Kaliasin, Genteng, Surabaya, Jawa Timur, Jawa, 60271, Indonesia","Kantor Arsip & PDAM Kota Surabaya, Jalan Basuki Rahmat, RW 07, Embong Kaliasin, Genteng, Surabaya, East Java, Java, 60271, Indonesia"
184,Goldvitel Hotel,-7.272,112.742,"Bumi Mandiri Tower I, 129-137, Jalan Jenderal Basuki Rachmat, RW 07, Embong Kaliasin, Genteng, Surabaya, Jawa Timur, Jawa, 60271, Indonesia","Bumi Mandiri Tower I, 129-137, Jalan Jenderal Basuki Rachmat, RW 07, Embong Kaliasin, Genteng, Surabaya, East Java, Java, 60271, Indonesia"
185,Gedung Bumi Mandiri,-7.27,112.743,"Hotel Elmi, 42-44, Jalan Panglima Besar Sudirman, RW 09, Embong Kaliasin, Genteng, Surabaya, Jawa Timur, Jawa, 60271, Indonesia","Hotel Elmi, 42-44, Jalan Panglima Besar Sudirman, RW 09, Embong Kaliasin, Genteng, Surabaya, East Java, Java, 60271, Indonesia"
186,Elmi Hotel,-7.269,112.743,"Hotel Elmi, 42-44, Jalan Panglima Besar Sudirman, RW 09, Embong Kaliasin, Genteng, Surabaya, Jawa Timur, Jawa, 60271, Indonesia","Hotel Elmi, 42-44, Jalan Panglima Besar Sudirman, RW 09, Embong Kaliasin, Genteng, Surabaya, East Java, Java, 60271, Indonesia"
187,Intiland Tower Surabaya,-7.273,112.743,"Grand Whiz Hotel Praxis Surabaya, 101, Jalan Panglima Besar Sudirman, RW 07, Embong Kaliasin, Genteng, Surabaya, Jawa Timur, Jawa, 60271, Indonesia","Grand Whiz Hotel Praxis Surabaya, 101, Jalan Panglima Besar Sudirman, RW 07, Embong Kaliasin, Genteng, Surabaya, East Java, Java, 60271, Indonesia"
188,Praxis Apartment,-7.273,112.744,"Jalan Kayoon, RW 04, Embong Kaliasin, Genteng, Surabaya, Jawa Timur, Jawa, 60271, Indonesia","Jalan Kayoon, RW 04, Embong Kaliasin, Genteng, Surabaya, East Java, Java, 60271, Indonesia"
190,Gerao IM3 Kayoon Surabaya,-7.272,112.744,"Galeri Indosat, 72, Jalan Kayoon, RW 04, Embong Kaliasin, Genteng, Surabaya, Jawa Timur, Jawa, 60271, Indonesia","Galeri Indosat, 72, Jalan Kayoon, RW 04, Embong Kaliasin, Genteng, Surabaya, East Java, Java, 60271, Indonesia"
191,Blue Dolphin Playskool-Surabaya,-7.272,112.743,"Jalan Sono Kembang, RW 07, Embong Kaliasin, Genteng, Surabaya, Jawa Timur, Jawa, 60271, Indonesia","Jalan Sono Kembang, RW 07, Embong Kaliasin, Genteng, Surabaya, East Java, Java, 60271, Indonesia"
192,Hotel sulawesi Gorontalo,-7.27,112.744,"UOB, Jalan Panglima Besar Sudirman, RW 07, Embong Kaliasin, Genteng, Surabaya, Jawa Timur, Jawa, 60271, Indonesia","UOB, Jalan Panglima Besar Sudirman, RW 07, Embong Kaliasin, Genteng, Surabaya, East Java, Java, 60271, Indonesia"
193,Kanwil Kementerian Hukum Jatim,-7.27,112.747,"RW 05, Embong Kaliasin, Genteng, Surabaya, Jawa Timur, Jawa, 60281, Indonesia","RW 05, Embong Kaliasin, Genteng, Surabaya, East Java, Java, 60281, Indonesia"
194,dinas kepemudaan dan olahraga prov. jatim,-7.27,112.746,"KANTOR WILAYAH KEMENTERIAN HUKUM DAN HAM JAWA TIMUR, 50-52, Jalan Kayoon, RW 05, Embong Kaliasin, Genteng, Surabaya, Jawa Timur, Jawa, 60271, Indonesia","KANTOR WILAYAH KEMENTERIAN HUKUM DAN HAM JAWA TIMUR, 50-52, Jalan Kayoon, RW 05, Embong Kaliasin, Genteng, Surabaya, East Java, Java, 60271, Indonesia"
195,MNC Tower Surabaya,-7.268,112.745,"Jalan Embong Ploso, RW 04, Embong Kaliasin, Genteng, Surabaya, Jawa Timur, Jawa, 60271, Indonesia","Jalan Embong Ploso, RW 04, Embong Kaliasin, Genteng, Surabaya, East Java, Java, 60271, Indonesia"
196,Wisma jerman,-7.268,112.745,"Jalan Embong Ploso, RW 04, Embong Kaliasin, Genteng, Surabaya, Jawa Timur, Jawa, 60271, Indonesia","Jalan Embong Ploso, RW 04, Embong Kaliasin, Genteng, Surabaya, East Java, Java, 60271, Indonesia"
197,The Win Hotel,-7.269,112.747,"Jalan Embong Ploso, RW 04, Embong Kaliasin, Genteng, Surabaya, Jawa Timur, Jawa, 60271, Indonesia","Jalan Embong Ploso, RW 04, Embong Kaliasin, Genteng, Surabaya, East Java, Java, 60271, Indonesia"
198,Kantor Pelayanan Pajak Pratama Surabaya genteng,-7.269,112.747,"Jalan Embong Ploso, RW 04, Embong Kaliasin, Genteng, Surabaya, Jawa Timur, Jawa, 60271, Indonesia","Jalan Embong Ploso, RW 04, Embong Kaliasin, Genteng, Surabaya, East Java, Java, 60271, Indonesia"
199,Ibis Suarabaya City Center,-7.269,112.741,"Jalan Kombes Polisi M. Duriyat, RW 03, Tegalsari, Surabaya, Jawa Timur, Jawa, 60262, Indonesia","Jalan Kombes Polisi M. Duriyat, RW 03, Tegalsari, Surabaya, East Java, Java, 60262, Indonesia"
200,Bank Jatim Kantor Pusat,-7.27,112.741,"Bank Jatim, 98-104, Jalan Jenderal Basuki Rachmat, RW 09, Embong Kaliasin, Genteng, Surabaya, Jawa Timur, Jawa, 60271, Indonesia","Bank Jatim, 98-104, Jalan Jenderal Basuki Rachmat, RW 09, Embong Kaliasin, Genteng, Surabaya, East Java, Java, 60271, Indonesia"
201,Bumi Surabaya Ciy Resort,-7.271,112.741,"Graha Bumi Modern, 106-128, Jalan Basuki Rahmat, RW 07, Embong Kaliasin, Genteng, Surabaya, Jawa Timur, Jawa, 60271, Indonesia","Graha Bumi Modern, 106-128, Jalan Basuki Rahmat, RW 07, Embong Kaliasin, Genteng, Surabaya, East Java, Java, 60271, Indonesia"
202,Masjid Baitusy syakur,-7.271,112.741,"Graha Bumi Modern, 106-128, Jalan Basuki Rahmat, RW 07, Embong Kaliasin, Genteng, Surabaya, Jawa Timur, Jawa, 60271, Indonesia","Graha Bumi Modern, 106-128, Jalan Basuki Rahmat, RW 07, Embong Kaliasin, Genteng, Surabaya, East Java, Java, 60271, Indonesia"
203,SDN Kaliasin V,-7.273,112.741,"Gang 1, RW 11, Embong Kaliasin, Genteng, Surabaya, Jawa Timur, Jawa, 60271, Indonesia","Gang 1, RW 11, Embong Kaliasin, Genteng, Surabaya, East Java, Java, 60271, Indonesia"
204,RSUP Kemenkes Surabaya,-7.242,112.737,"Gereja Katolik Kelahiran Santa Perawan Maria, Jalan Kepanjen, RW 08, Krembangan Selatan, Krembangan, Surabaya, Jawa Timur, Jawa, 60161, Indonesia","Church of the Birth of Our Lady, Jalan Kepanjen, RW 08, Krembangan Selatan, Krembangan, Surabaya, East Java, Java, 60161, Indonesia"
205,SMK Kawung 1 Surabaya,-7.241,112.737,"Yayasan Mardi Wiyata Perwakilan Surabaya, Jalan Kepanjen, RW 08, Krembangan Selatan, Krembangan, Surabaya, Jawa Timur, Jawa, 60174, Indonesia","Yayasan Mardi Wiyata Perwakilan Surabaya, Jalan Kepanjen, RW 08, Krembangan Selatan, Krembangan, Surabaya, East Java, Java, 60174, Indonesia"
206,Prodi DIII Keperawatan Sutopo Poltekkes Kemenkes Surabaya,-7.242,112.736,"Asrama Santa Yuli (PG-TKK Taman Rini SDK Santa Angela), Jalan Kepanjen, RW 08, Krembangan Selatan, Krembangan, Surabaya, Jawa Timur, Jawa, 60174, Indonesia","Asrama Santa Yuli (PG-TKK Taman Rini SDK Santa Angela), Jalan Kepanjen, RW 08, Krembangan Selatan, Krembangan, Surabaya, East Java, Java, 60174, Indonesia"
207,SDN Kemayoran surabaya,-7.241,112.734,"Jalan Sanggar, RW 06, Krembangan Selatan, Krembangan, Surabaya, Jawa Timur, Jawa, 60175, Indonesia","Jalan Sanggar, RW 06, Krembangan Selatan, Krembangan, Surabaya, East Java, Java, 60175, Indonesia"
208,Kantor Kelurahan Wonorejo Kecamatan Tegalsari,-7.272,112.733,"Jalan Wonorejo IV, RW 06, Wonorejo, Tegalsari, Surabaya, Jawa Timur, Jawa, 60252, Indonesia","Jalan Wonorejo IV, RW 06, Wonorejo, Tegalsari, Surabaya, East Java, Java, 60252, Indonesia"
209,Vihara Dhammadipta Surabaya,-7.275,112.733,"Galaxi Billiard, Jalan Pandegiling, RW 03, Dr. Sutomo, Tegalsari, Surabaya, Jawa Timur, Jawa, 60252, Indonesia","Galaxi Billiard, Jalan Pandegiling, RW 03, Dr. Sutomo, Tegalsari, Surabaya, East Java, Java, 60252, Indonesia"
210,Kantor Kelurahan Sawahan,-7.262,112.727,"Jalan Kedungdoro XI, RW 06, Sawahan, Surabaya, Jawa Timur, Jawa, 60251, Indonesia","Jalan Kedungdoro XI, RW 06, Sawahan, Surabaya, East Java, Java, 60251, Indonesia"
211,Masjid Al Muqorrobien,-7.261,112.728,"Jalan Kedungdoro II, RW 11, Sawahan, Surabaya, Jawa Timur, Jawa, 60251, Indonesia","Jalan Kedungdoro II, RW 11, Sawahan, Surabaya, East Java, Java, 60251, Indonesia"
212,Pasar Blauran Baru,-7.257,112.733,"Jalan Sawahan Templek Gang IV, RW 09, Sawahan, Surabaya, Jawa Timur, Jawa, 60251, Indonesia","Jalan Sawahan Templek Gang IV, RW 09, Sawahan, Surabaya, East Java, Java, 60251, Indonesia"
213,Prime Royal Hotel,-7.256,112.73,"Jalan Tembok Gede I, RW 01, Bubutan, Surabaya, Jawa Timur, Jawa, 60251, Indonesia","Jalan Tembok Gede I, RW 01, Bubutan, Surabaya, East Java, Java, 60251, Indonesia"
214,Ibis Surabaya Tidar,-7.257,112.73,"SMK Negeri 4 Surabaya, Jalan Kranggan, RW 08, Sawahan, Surabaya, Jawa Timur, Jawa, 60251, Indonesia","SMK Negeri 4 Surabaya, Jalan Kranggan, RW 08, Sawahan, Surabaya, East Java, Java, 60251, Indonesia"
215,Gereja Yesus Sejati Surabaya,-7.257,112.728,"Toeng Market, No.84, Jalan Tidar, RW 07, Sawahan, Surabaya, Jawa Timur, Jawa, 60251, Indonesia","Toeng Market, No.84, Jalan Tidar, RW 07, Sawahan, Surabaya, East Java, Java, 60251, Indonesia"
216,"Gereja Katolik Paroki Santo Vincentius A Paulo, Widodaren Sawahan",-7.259,112.732,"Jalan Anjasmoro, RW 07, Sawahan, Surabaya, Jawa Timur, Jawa, 60251, Indonesia","Jalan Anjasmoro, RW 07, Sawahan, Surabaya, East Java, Java, 60251, Indonesia"
217,Nite & Day Hotel Kedungdoro,-7.261,112.731,"Jalan Widodaren, RW 07, Sawahan, Surabaya, Jawa Timur, Jawa, 60251, Indonesia","Jalan Widodaren, RW 07, Sawahan, Surabaya, East Java, Java, 60251, Indonesia"
218,SDN Sawahan IV,-7.264,112.725,"Jalan Tengger III, RW 04, Sawahan, Surabaya, Jawa Timur, Jawa, 60251, Indonesia","Jalan Tengger III, RW 04, Sawahan, Surabaya, East Java, Java, 60251, Indonesia"
219,Pusat Grosir Surabaya,-7.246,112.732,"Pasar Grosir Surabaya, 1, Jalan Raya Dupak, RW 03, Gundih, Bubutan, Surabaya, Jawa Timur, Jawa, 60172, Indonesia","Pasar Grosir Surabaya, 1, Jalan Raya Dupak, RW 03, Gundih, Bubutan, Surabaya, East Java, Java, 60172, Indonesia"
220,Stasiun Surabaya Pasar Turi,-7.247,112.731,"PT Herona Express, 1, Jalan Raya Dupak, RW 01, Gundih, Bubutan, Surabaya, Jawa Timur, Jawa, 60174, Indonesia","PT Herona Express, 1, Jalan Raya Dupak, RW 01, Gundih, Bubutan, Surabaya, East Java, Java, 60174, Indonesia"
221,Dupak Grosir Surabaya,-7.247,112.73,"Dupak Grosir, Jalan Gundih, RW 01, Gundih, Bubutan, Surabaya, Jawa Timur, Jawa, 60174, Indonesia","Dupak Grosir, Jalan Gundih, RW 01, Gundih, Bubutan, Surabaya, East Java, Java, 60174, Indonesia"
222,D'Carol Hotel Surabaya,-7.247,112.73,"Dupak Grosir, Jalan Gundih, RW 01, Gundih, Bubutan, Surabaya, Jawa Timur, Jawa, 60174, Indonesia","Dupak Grosir, Jalan Gundih, RW 01, Gundih, Bubutan, Surabaya, East Java, Java, 60174, Indonesia"
223,RSUP Kemenkes Surabaya,-7.24,112.731,"Jalan Parang Kusumo, RW 09, Kemayoran, Krembangan, Surabaya, Jawa Timur, Jawa, 60175, Indonesia","Jalan Parang Kusumo, RW 09, Kemayoran, Krembangan, Surabaya, East Java, Java, 60175, Indonesia"
224,SMK Kawung 1 Surabaya,-7.238,112.731,"Jalan Indrapura, RW 01, Kemayoran, Krembangan, Surabaya, Jawa Timur, Jawa, 60175, Indonesia","Jalan Indrapura, RW 01, Kemayoran, Krembangan, Surabaya, East Java, Java, 60175, Indonesia"
225,Prodi DIII keperawatan Sutopo Poltekkes Kemenkes Surabaya,-7.24,112.73,"Rumah Sakit UPT Vertikal Surabaya, 17, Jalan Indrapura, RW 04, Krembangan Selatan, Krembangan, Surabaya, Jawa Timur, Jawa, 60175, Indonesia","Surabaya General Vertical Hospital, 17, Jalan Indrapura, RW 04, Krembangan Selatan, Krembangan, Surabaya, East Java, Java, 60175, Indonesia"
